sale_id,customer_id,product_id,sale_date,channel,quantity,unit_price,discount_pct
1,71,3,2026-05-17,Loja,3,347.25,0.15
2,77,28,2025-03-03,Loja,1,329.1,0.15
3,40,30,2025-10-26,Loja,3,163.48,0.15
4,79,29,2025-11-30,Web,2,504.54,0.0
5,41,21,2026-03-07,Web,3,606.28,0.0
6,81,8,2026-04-04,Loja,1,767.92,0.0
7,61,18,2026-06-14,Loja,1,226.25,0.1
8,10,36,2025-08-19,Web,4,686.46,0.1
9,6,21,2025-09-10,App,1,606.28,0.1
10,59,3,2025-08-31,App,4,347.25,0.1
11,63,32,2025-08-22,Loja,4,491.04,0.05
12,62,30,2025-06-26,App,1,163.48,0.0
13,28,31,2026-04-06,Loja,3,177.26,0.15
14,62,15,2026-05-26,App,3,128.66,0.0
15,49,31,2026-06-21,Loja,3,177.26,0.15
16,41,12,2025-07-26,App,1,489.06,0.0
17,12,35,2026-07-21,Web,4,330.39,0.0
18,39,29,2026-01-20,Loja,1,504.54,0.15
19,22,29,2026-03-20,Web,4,504.54,0.0
20,83,5,2026-08-19,Loja,3,523.44,0.05
21,11,18,2025-01-30,App,2,226.25,0.05
22,88,40,2026-06-04,Web,3,586.39,0.0
23,89,19,2025-10-12,Loja,2,522.21,0.15
24,51,32,2026-04-24,App,4,491.04,0.0
25,79,23,2025-10-15,Loja,4,329.63,0.1
26,80,8,2025-10-06,Web,2,767.92,0.1
27,5,7,2025-12-26,Loja,2,58.53,0.0
28,10,10,2026-05-29,Loja,3,721.56,0.0
29,78,2,2026-03-28,Loja,1,533.57,0.1
30,1,10,2026-07-12,Web,4,721.56,0.0
31,25,1,2026-04-11,App,1,60.7,0.05
32,22,36,2025-05-19,Loja,1,686.46,0.05
33,7,16,2025-11-13,Web,4,318.25,0.15
34,71,35,2025-09-08,Web,4,330.39,0.1
35,85,35,2026-08-20,Web,4,330.39,0.0
36,96,32,2025-07-12,Web,1,491.04,0.1
37,68,5,2026-07-03,Loja,1,523.44,0.1
38,87,36,2025-12-13,Web,4,686.46,0.1
39,46,4,2025-10-22,App,3,327.73,0.0
40,86,26,2025-03-11,Web,1,696.52,0.0
41,47,30,2025-10-04,App,1,163.48,0.0
42,5,20,2026-08-23,App,1,220.61,0.0
43,21,20,2025-02-03,Web,3,220.61,0.1
44,69,37,2025-09-14,App,2,217.27,0.05
45,94,6,2026-06-22,App,2,787.09,0.0
46,29,4,2025-08-07,Loja,1,327.73,0.05
47,78,15,2026-06-30,Loja,1,128.66,0.05
48,91,27,2026-01-13,App,2,118.69,0.0
49,57,26,2025-01-20,App,4,696.52,0.0
50,88,32,2026-07-01,Loja,1,491.04,0.0
51,50,18,2025-08-04,App,1,226.25,0.05
52,46,37,2025-06-27,Loja,3,217.27,0.0
53,4,8,2026-01-21,Loja,3,767.92,0.15
54,69,38,2026-05-28,App,2,601.73,0.0
55,66,23,2026-07-23,App,2,329.63,0.0
56,11,9,2025-09-03,App,4,42.07,0.05
57,70,11,2026-01-06,Loja,2,640.27,0.05
58,55,10,2026-08-18,Web,2,721.56,0.0
59,28,30,2026-06-30,Loja,2,163.48,0.0
60,38,8,2025-05-06,Web,3,767.92,0.15
61,79,13,2026-04-21,App,2,397.88,0.1
62,33,21,2025-07-08,App,2,606.28,0.0
63,63,32,2026-05-04,App,4,491.04,0.0
64,59,20,2025-07-30,Web,1,220.61,0.15
65,57,39,2025-11-06,Loja,3,323.32,0.15
66,21,5,2026-01-21,Web,2,523.44,0.0
67,1,19,2026-08-19,App,4,522.21,0.0
68,63,34,2025-08-21,Loja,4,322.37,0.0
69,4,26,2026-01-15,Web,4,696.52,0.0
70,60,34,2025-12-29,App,4,322.37,0.05
71,92,22,2025-03-14,App,4,124.16,0.15
72,84,15,2025-09-14,Loja,1,128.66,0.05
73,26,3,2026-09-02,App,4,347.25,0.0
74,32,1,2025-05-14,Web,1,60.7,0.05
75,88,22,2025-10-30,Loja,3,124.16,0.0
76,27,24,2025-05-18,App,2,39.75,0.15
77,5,26,2025-12-10,Loja,4,696.52,0.0
78,25,8,2025-05-25,App,3,767.92,0.0
79,90,34,2026-02-28,Web,1,322.37,0.05
80,84,35,2026-06-08,Web,1,330.39,0.15
81,91,10,2026-03-31,App,2,721.56,0.15
82,82,7,2025-01-22,Loja,3,58.53,0.1
83,45,2,2026-02-16,App,3,533.57,0.0
84,76,8,2025-08-17,App,4,767.92,0.15
85,83,29,2026-04-11,Web,2,504.54,0.0
86,63,40,2025-06-08,Web,1,586.39,0.05
87,42,25,2025-12-03,App,1,633.19,0.05
88,59,40,2025-07-11,Web,2,586.39,0.0
89,80,26,2025-06-11,Web,2,696.52,0.0
90,15,40,2025-06-20,Loja,2,586.39,0.15
91,16,33,2025-05-07,Web,1,636.77,0.1
92,3,27,2025-03-29,Web,2,118.69,0.15
93,73,36,2025-04-09,Web,2,686.46,0.15
94,74,5,2026-06-17,Loja,2,523.44,0.1
95,39,10,2025-11-22,Loja,1,721.56,0.1
96,5,20,2026-08-14,App,3,220.61,0.1
97,99,18,2026-08-17,App,1,226.25,0.1
98,82,33,2025-03-23,App,2,636.77,0.0
99,68,26,2025-06-17,App,4,696.52,0.05
100,85,20,2026-05-18,Loja,3,220.61,0.05
101,38,19,2025-02-24,Web,3,522.21,0.1
102,12,18,2026-05-14,App,3,226.25,0.15
103,40,15,2025-11-12,App,2,128.66,0.0
104,85,5,2026-03-30,Web,1,523.44,0.05
105,96,35,2026-03-12,Loja,1,330.39,0.05
106,28,10,2026-07-24,App,1,721.56,0.1
107,64,6,2025-11-08,Loja,2,787.09,0.0
108,24,21,2025-01-20,App,3,606.28,0.1
109,5,20,2025-08-11,Web,2,220.61,0.0
110,2,21,2025-08-25,Loja,2,606.28,0.05
111,95,1,2025-12-30,Loja,4,60.7,0.0
112,36,39,2026-09-01,Web,4,323.32,0.0
113,19,14,2025-12-03,App,3,260.22,0.1
114,87,27,2025-03-22,Web,2,118.69,0.05
115,42,22,2026-07-28,App,2,124.16,0.05
116,4,26,2026-08-15,App,2,696.52,0.1
117,79,19,2025-08-25,Web,3,522.21,0.0
118,49,20,2025-07-14,App,1,220.61,0.0
119,84,2,2026-03-17,App,2,533.57,0.0
120,67,27,2026-01-31,Web,3,118.69,0.0
121,97,13,2025-04-05,Web,2,397.88,0.0
122,98,2,2026-04-30,Web,4,533.57,0.0
123,15,7,2025-06-30,Loja,1,58.53,0.05
124,92,19,2025-10-26,App,3,522.21,0.1
125,15,33,2025-10-13,App,4,636.77,0.15
126,33,20,2026-04-20,Loja,1,220.61,0.1
127,45,11,2025-05-19,Loja,3,640.27,0.05
128,27,37,2025-06-14,Web,3,217.27,0.05
129,1,28,2025-12-15,Web,3,329.1,0.0
130,89,29,2025-08-07,Loja,2,504.54,0.05
131,4,20,2025-06-27,App,1,220.61,0.0
132,42,32,2025-06-22,Loja,2,491.04,0.0
133,23,19,2025-11-12,App,2,522.21,0.0
134,28,33,2026-02-10,App,3,636.77,0.05
135,32,30,2025-11-03,App,3,163.48,0.0
136,56,14,2025-07-13,Web,2,260.22,0.05
137,92,36,2025-07-07,Web,4,686.46,0.1
138,49,24,2026-05-14,Web,4,39.75,0.0
139,71,14,2025-05-04,Loja,4,260.22,0.0
140,40,7,2026-06-18,Web,1,58.53,0.0
141,57,29,2025-04-03,Loja,1,504.54,0.0
142,78,34,2026-02-12,App,4,322.37,0.05
143,24,36,2026-08-03,App,4,686.46,0.05
144,9,12,2025-05-26,Web,2,489.06,0.05
145,72,37,2025-09-25,App,4,217.27,0.05
146,96,40,2025-04-29,App,4,586.39,0.15
147,83,17,2025-07-27,Web,1,764.1,0.0
148,61,24,2025-10-26,Loja,4,39.75,0.05
149,61,20,2025-10-14,Web,2,220.61,0.15
150,79,36,2026-08-27,Loja,3,686.46,0.05
151,54,4,2025-08-24,Loja,4,327.73,0.15
152,86,6,2025-07-03,Loja,3,787.09,0.0
153,93,10,2025-07-09,App,2,721.56,0.0
154,77,26,2026-07-02,App,4,696.52,0.1
155,33,15,2025-03-31,Loja,2,128.66,0.15
156,73,30,2025-03-06,Web,1,163.48,0.05
157,66,17,2026-07-22,Loja,2,764.1,0.0
158,90,10,2026-03-06,Loja,2,721.56,0.1
159,80,5,2025-07-04,App,4,523.44,0.05
160,92,38,2025-10-26,App,2,601.73,0.0
161,86,29,2025-09-24,Loja,4,504.54,0.0
162,37,30,2026-08-24,Loja,4,163.48,0.1
163,86,28,2026-01-07,App,2,329.1,0.0
164,68,11,2026-03-15,Loja,3,640.27,0.05
165,87,39,2025-06-14,Web,1,323.32,0.05
166,43,4,2025-08-20,Web,2,327.73,0.0
167,77,3,2026-06-24,Loja,2,347.25,0.05
168,7,36,2026-05-08,Loja,1,686.46,0.0
169,51,22,2026-01-21,App,2,124.16,0.0
170,22,38,2025-05-30,Web,4,601.73,0.0
171,22,29,2026-02-18,App,4,504.54,0.1
172,87,31,2025-07-29,Loja,3,177.26,0.0
173,15,5,2025-12-11,Web,2,523.44,0.0
174,84,3,2025-12-12,Loja,1,347.25,0.1
175,35,30,2025-03-28,Loja,4,163.48,0.1
176,97,34,2026-06-21,Loja,4,322.37,0.0
177,46,24,2026-06-13,App,3,39.75,0.0
178,13,35,2026-04-13,App,1,330.39,0.05
179,62,9,2025-10-17,Loja,4,42.07,0.1
180,32,25,2025-02-25,Loja,1,633.19,0.1
181,61,39,2025-09-27,App,3,323.32,0.0
182,100,22,2026-03-22,App,4,124.16,0.0
183,41,26,2026-01-06,App,3,696.52,0.0
184,4,40,2025-04-03,App,3,586.39,0.1
185,64,27,2026-04-26,App,1,118.69,0.0
186,50,26,2025-08-21,Loja,4,696.52,0.05
187,18,34,2025-07-01,Loja,3,322.37,0.0
188,48,7,2026-02-19,Loja,1,58.53,0.0
189,14,24,2026-06-13,Web,4,39.75,0.1
190,52,27,2026-05-21,Web,1,118.69,0.15
191,30,29,2025-10-10,Web,4,504.54,0.0
192,84,16,2025-07-27,Web,1,318.25,0.0
193,51,22,2025-07-22,Loja,3,124.16,0.15
194,37,17,2025-04-06,Loja,1,764.1,0.1
195,89,23,2025-09-08,App,3,329.63,0.0
196,45,17,2025-03-05,App,4,764.1,0.1
197,4,24,2025-01-21,Loja,4,39.75,0.05
198,63,27,2026-07-19,Loja,2,118.69,0.0
199,91,10,2026-04-21,Loja,4,721.56,0.05
200,35,21,2025-02-21,App,1,606.28,0.15
201,24,23,2025-02-12,Web,3,329.63,0.05
202,5,14,2025-09-28,Loja,2,260.22,0.15
203,79,20,2026-06-20,Web,2,220.61,0.1
204,34,18,2026-03-19,Loja,1,226.25,0.0
205,45,22,2026-01-25,App,1,124.16,0.15
206,10,6,2026-05-13,Loja,4,787.09,0.05
207,69,37,2025-12-11,Web,3,217.27,0.0
208,62,16,2026-02-09,Loja,1,318.25,0.0
209,68,12,2025-01-16,App,2,489.06,0.0
210,19,1,2025-07-04,App,3,60.7,0.0
211,83,14,2026-08-13,Web,1,260.22,0.0
212,26,22,2026-01-10,App,4,124.16,0.0
213,19,35,2025-05-14,Loja,3,330.39,0.0
214,54,36,2025-10-14,App,3,686.46,0.05
215,48,21,2025-08-01,Loja,3,606.28,0.1
216,71,38,2025-02-03,App,2,601.73,0.05
217,34,8,2026-07-10,Loja,2,767.92,0.15
218,83,23,2025-11-19,App,4,329.63,0.0
219,2,10,2025-02-19,Loja,2,721.56,0.15
220,21,23,2026-05-21,Loja,1,329.63,0.1
221,68,22,2025-06-08,Loja,4,124.16,0.1
222,88,29,2025-08-22,Web,4,504.54,0.1
223,62,36,2025-05-02,Loja,1,686.46,0.05
224,34,27,2026-03-13,Web,4,118.69,0.05
225,34,27,2025-09-10,App,3,118.69,0.0
226,9,40,2025-12-03,App,4,586.39,0.0
227,57,11,2025-06-29,Loja,4,640.27,0.05
228,89,12,2026-05-11,Web,4,489.06,0.05
229,32,6,2026-05-18,Loja,2,787.09,0.15
230,22,4,2025-03-20,App,1,327.73,0.1
231,99,30,2026-08-03,App,2,163.48,0.1
232,41,18,2025-03-24,Web,4,226.25,0.1
233,74,16,2025-08-18,Loja,4,318.25,0.05
234,48,37,2025-11-03,Loja,1,217.27,0.05
235,82,37,2025-01-22,Web,3,217.27,0.15
236,39,22,2026-04-03,Web,1,124.16,0.1
237,4,23,2025-07-31,Web,2,329.63,0.0
238,79,33,2026-02-11,Web,4,636.77,0.0
239,57,6,2025-01-18,Loja,2,787.09,0.0
240,53,33,2025-02-05,Web,1,636.77,0.1
241,76,35,2025-07-22,Web,4,330.39,0.1
242,73,1,2025-12-20,Web,1,60.7,0.0
243,100,11,2026-06-11,Web,2,640.27,0.05
244,53,37,2026-01-01,Loja,3,217.27,0.0
245,92,16,2026-08-29,App,4,318.25,0.0
246,40,14,2025-02-11,App,4,260.22,0.1
247,17,2,2025-11-09,App,2,533.57,0.0
248,38,4,2026-07-03,App,4,327.73,0.0
249,12,4,2025-02-07,App,4,327.73,0.15
250,34,16,2026-03-11,Web,2,318.25,0.1
251,20,36,2025-12-14,Loja,3,686.46,0.0
252,93,15,2025-05-26,App,4,128.66,0.0
253,57,33,2026-02-06,Web,3,636.77,0.0
254,8,19,2025-07-24,Web,2,522.21,0.05
255,59,9,2026-04-02,Loja,2,42.07,0.0
256,58,9,2026-08-02,Loja,1,42.07,0.05
257,5,27,2026-01-05,Web,2,118.69,0.0
258,37,31,2026-01-18,Loja,4,177.26,0.0
259,28,32,2026-01-09,Web,3,491.04,0.0
260,24,3,2026-05-11,App,4,347.25,0.05
261,24,8,2026-03-22,Web,1,767.92,0.05
262,54,11,2025-01-24,Loja,4,640.27,0.15
263,35,14,2025-07-19,App,3,260.22,0.15
264,57,12,2025-06-12,Loja,4,489.06,0.15
265,57,24,2026-04-07,App,2,39.75,0.0
266,73,34,2025-11-05,Loja,4,322.37,0.0
267,27,26,2025-07-18,Loja,1,696.52,0.05
268,30,40,2025-01-04,Loja,1,586.39,0.0
269,60,1,2025-04-11,Loja,3,60.7,0.0
270,66,14,2026-06-05,Web,3,260.22,0.15
271,78,19,2026-03-25,Web,2,522.21,0.05
272,81,6,2026-04-12,Web,3,787.09,0.15
273,32,32,2026-06-12,Loja,4,491.04,0.0
274,57,14,2025-05-18,App,4,260.22,0.0
275,32,20,2025-05-24,Web,2,220.61,0.0
276,94,40,2025-07-08,Loja,3,586.39,0.05
277,63,33,2025-01-31,Loja,4,636.77,0.15
278,53,36,2026-08-06,Web,1,686.46,0.0
279,46,30,2025-06-16,App,4,163.48,0.0
280,65,9,2026-08-21,Loja,4,42.07,0.0
281,16,1,2026-01-14,Web,4,60.7,0.0
282,81,18,2025-01-09,Loja,1,226.25,0.1
283,85,17,2025-07-09,App,2,764.1,0.0
284,43,23,2026-07-10,Loja,3,329.63,0.05
285,70,29,2025-10-11,App,2,504.54,0.0
286,1,2,2026-01-17,Web,4,533.57,0.15
287,48,17,2025-04-14,Loja,4,764.1,0.1
288,42,40,2025-11-28,Web,3,586.39,0.0
289,91,6,2025-10-19,App,4,787.09,0.1
290,9,10,2025-09-01,Web,2,721.56,0.0
291,10,14,2025-02-03,App,1,260.22,0.0
292,40,22,2026-02-13,App,4,124.16,0.15
293,86,3,2025-06-10,Web,4,347.25,0.1
294,26,10,2026-06-30,Loja,1,721.56,0.15
295,32,12,2026-05-25,App,1,489.06,0.15
296,92,31,2025-03-29,Web,2,177.26,0.0
297,29,3,2026-01-20,App,1,347.25,0.1
298,42,9,2026-06-09,Loja,1,42.07,0.0
299,20,28,2026-07-13,Web,4,329.1,0.0
300,80,37,2025-08-27,Web,4,217.27,0.1
301,15,3,2026-05-19,App,2,347.25,0.0
302,77,7,2026-05-24,Web,1,58.53,0.0
303,35,15,2025-06-24,Web,4,128.66,0.0
304,96,9,2025-06-01,Web,2,42.07,0.15
305,85,28,2026-06-24,App,3,329.1,0.05
306,9,4,2025-01-07,Loja,2,327.73,0.0
307,63,38,2026-05-01,App,4,601.73,0.05
308,74,2,2026-08-27,App,2,533.57,0.15
309,78,26,2026-04-30,App,3,696.52,0.05
310,97,7,2025-05-30,Web,4,58.53,0.0
311,11,18,2025-12-10,App,3,226.25,0.15
312,39,24,2026-06-17,Loja,2,39.75,0.1
313,72,31,2026-02-03,Web,1,177.26,0.0
314,59,37,2026-01-18,Loja,3,217.27,0.1
315,12,21,2025-07-10,App,1,606.28,0.0
316,24,9,2025-03-27,Loja,1,42.07,0.1
317,78,23,2026-03-15,Loja,4,329.63,0.05
318,59,40,2025-03-01,Web,4,586.39,0.0
319,39,27,2025-04-03,App,3,118.69,0.15
320,44,1,2025-04-17,Web,2,60.7,0.05
321,7,8,2025-01-25,Web,1,767.92,0.0
322,46,19,2025-03-14,Web,4,522.21,0.15
323,90,17,2026-01-01,Web,3,764.1,0.05
324,89,1,2025-06-19,Loja,2,60.7,0.1
325,53,17,2025-07-04,App,1,764.1,0.05
326,61,28,2025-03-03,Loja,1,329.1,0.0
327,18,3,2026-07-19,Web,4,347.25,0.0
328,96,22,2025-02-28,App,3,124.16,0.0
329,90,30,2026-05-02,Web,2,163.48,0.0
330,80,26,2026-08-02,Web,2,696.52,0.1
331,49,5,2025-10-01,Web,3,523.44,0.15
332,65,13,2025-01-13,Web,1,397.88,0.0
333,60,32,2026-07-17,Web,4,491.04,0.05
334,20,40,2025-01-13,App,4,586.39,0.15
335,60,15,2025-07-09,App,2,128.66,0.15
336,82,16,2025-05-08,Web,4,318.25,0.05
337,54,33,2025-04-23,Web,4,636.77,0.15
338,36,31,2025-04-02,Loja,1,177.26,0.0
339,95,20,2025-03-03,Loja,3,220.61,0.0
340,11,18,2025-03-25,Web,3,226.25,0.1
341,22,30,2025-07-05,Loja,2,163.48,0.05
342,75,38,2025-04-17,Web,3,601.73,0.0
343,78,34,2025-06-06,Web,3,322.37,0.0
344,77,36,2025-12-18,Loja,1,686.46,0.05
345,57,37,2026-06-12,Loja,1,217.27,0.1
346,26,37,2025-10-01,Loja,3,217.27,0.0
347,92,31,2025-04-23,Web,1,177.26,0.0
348,53,7,2025-07-13,App,2,58.53,0.05
349,87,33,2025-09-07,App,2,636.77,0.05
350,49,39,2026-01-18,Web,4,323.32,0.05
351,18,18,2025-12-30,Loja,4,226.25,0.15
352,46,11,2026-05-03,Loja,1,640.27,0.05
353,58,20,2025-12-16,Web,4,220.61,0.15
354,93,9,2025-07-15,Web,2,42.07,0.15
355,9,1,2026-04-10,App,3,60.7,0.0
356,30,29,2026-03-25,Loja,2,504.54,0.0
357,74,14,2025-03-14,Web,1,260.22,0.15
358,21,39,2025-06-07,Loja,2,323.32,0.1
359,50,5,2025-09-13,App,2,523.44,0.1
360,30,27,2026-07-22,Loja,4,118.69,0.0
361,85,17,2026-02-25,App,1,764.1,0.05
362,79,16,2025-07-25,App,3,318.25,0.15
363,57,18,2025-04-24,Web,2,226.25,0.15
364,57,38,2026-07-29,App,3,601.73,0.0
365,69,20,2026-08-04,Web,1,220.61,0.0
366,62,12,2026-04-17,Loja,3,489.06,0.0
367,68,3,2025-12-06,Web,3,347.25,0.0
368,96,12,2026-08-13,Loja,4,489.06,0.15
369,85,6,2025-10-29,App,1,787.09,0.0
370,64,28,2025-03-03,Loja,1,329.1,0.1
371,11,38,2026-04-10,Loja,2,601.73,0.0
372,21,4,2025-12-18,App,1,327.73,0.1
373,91,24,2025-11-23,Loja,3,39.75,0.0
374,23,18,2025-03-29,Loja,2,226.25,0.0
375,58,4,2026-02-13,Loja,4,327.73,0.15
376,15,37,2025-06-22,Web,3,217.27,0.0
377,44,12,2025-07-18,Loja,3,489.06,0.0
378,37,26,2025-12-12,Web,3,696.52,0.1
379,19,13,2025-11-16,Web,4,397.88,0.15
380,91,21,2025-06-23,Web,4,606.28,0.15
381,25,21,2025-11-16,Loja,3,606.28,0.15
382,42,1,2025-11-16,Loja,1,60.7,0.1
383,40,31,2026-02-21,App,1,177.26,0.05
384,19,4,2025-10-06,Loja,4,327.73,0.05
385,15,22,2025-07-07,Loja,3,124.16,0.1
386,40,28,2025-07-09,Web,2,329.1,0.0
387,91,6,2025-10-20,Loja,1,787.09,0.1
388,98,5,2026-04-12,Loja,2,523.44,0.0
389,35,40,2025-08-13,Loja,2,586.39,0.15
390,9,11,2026-06-04,App,2,640.27,0.0
391,82,14,2026-02-18,App,2,260.22,0.05
392,23,28,2025-05-03,App,2,329.1,0.0
393,27,28,2026-03-13,Loja,2,329.1,0.15
394,48,30,2026-06-16,Web,4,163.48,0.0
395,65,7,2026-08-16,Web,3,58.53,0.0
396,35,9,2025-01-23,App,2,42.07,0.1
397,8,5,2025-01-24,App,4,523.44,0.05
398,77,16,2026-02-28,Web,2,318.25,0.1
399,35,1,2026-01-10,Web,2,60.7,0.1
400,20,11,2025-05-19,App,3,640.27,0.05
401,11,11,2026-02-09,Loja,1,640.27,0.1
402,88,18,2025-07-24,Loja,1,226.25,0.1
403,96,40,2025-01-08,App,4,586.39,0.0
404,12,10,2026-01-15,App,1,721.56,0.05
405,90,12,2025-01-09,Web,3,489.06,0.05
406,36,25,2025-03-17,Web,1,633.19,0.05
407,27,27,2025-08-05,Loja,4,118.69,0.05
408,83,26,2025-02-17,Loja,1,696.52,0.15
409,51,13,2025-10-20,App,2,397.88,0.0
410,62,21,2025-11-21,Web,1,606.28,0.0
411,47,24,2025-10-16,Web,2,39.75,0.05
412,36,37,2025-06-20,Loja,3,217.27,0.05
413,88,6,2026-03-23,App,1,787.09,0.05
414,94,38,2025-07-10,Web,1,601.73,0.1
415,61,27,2026-03-21,Loja,3,118.69,0.05
416,53,26,2026-07-31,App,1,696.52,0.1
417,72,1,2026-03-16,App,3,60.7,0.1
418,69,38,2025-04-20,Loja,2,601.73,0.0
419,53,38,2026-05-10,Loja,2,601.73,0.0
420,30,36,2025-08-30,App,1,686.46,0.0
421,44,36,2026-01-27,Web,2,686.46,0.0
422,77,34,2025-03-04,App,3,322.37,0.05
423,21,2,2026-08-14,App,4,533.57,0.15
424,75,13,2025-04-12,Loja,4,397.88,0.0
425,61,3,2025-04-05,Web,2,347.25,0.05
426,6,11,2026-03-02,Loja,4,640.27,0.0
427,72,39,2026-08-15,Loja,1,323.32,0.1
428,83,18,2025-06-11,Loja,4,226.25,0.0
429,11,10,2025-09-14,Loja,3,721.56,0.0
430,96,29,2026-03-30,Loja,4,504.54,0.0
431,24,31,2025-04-14,App,2,177.26,0.05
432,94,28,2026-05-11,App,1,329.1,0.0
433,5,23,2025-08-21,Web,2,329.63,0.05
434,63,7,2026-08-17,Loja,1,58.53,0.0
435,89,35,2026-03-04,App,1,330.39,0.0
436,48,11,2026-01-19,Web,4,640.27,0.0
437,78,34,2025-06-07,Loja,3,322.37,0.1
438,64,13,2026-03-19,Web,4,397.88,0.15
439,68,26,2026-07-26,Web,2,696.52,0.15
440,73,1,2025-10-06,Web,1,60.7,0.05
441,99,16,2026-06-24,Web,4,318.25,0.1
442,74,31,2025-07-09,Web,1,177.26,0.15
443,69,27,2026-04-21,Loja,4,118.69,0.0
444,16,18,2026-06-07,Loja,1,226.25,0.0
445,77,11,2026-06-07,Web,2,640.27,0.05
446,88,17,2025-09-10,Loja,4,764.1,0.0
447,94,17,2026-03-03,Loja,1,764.1,0.05
448,7,10,2026-07-20,Loja,4,721.56,0.15
449,60,33,2026-01-09,Web,4,636.77,0.0
450,15,27,2026-05-23,Web,3,118.69,0.0
451,20,9,2025-09-13,Web,4,42.07,0.05
452,83,39,2026-04-13,Web,3,323.32,0.0
453,98,22,2026-01-10,Web,4,124.16,0.0
454,92,21,2026-04-21,App,3,606.28,0.1
455,20,13,2025-02-16,Loja,2,397.88,0.0
456,40,30,2025-08-13,App,4,163.48,0.0
457,50,4,2025-10-04,Loja,2,327.73,0.0
458,12,8,2025-09-09,App,2,767.92,0.0
459,70,22,2026-07-22,Loja,4,124.16,0.15
460,2,30,2025-08-10,Web,1,163.48,0.05
461,87,30,2025-02-14,App,3,163.48,0.0
462,44,2,2025-05-16,App,2,533.57,0.1
463,10,13,2026-04-21,App,4,397.88,0.0
464,3,33,2025-11-14,App,4,636.77,0.05
465,71,16,2026-07-13,App,3,318.25,0.1
466,5,22,2025-10-09,App,2,124.16,0.1
467,98,34,2025-04-04,App,3,322.37,0.0
468,43,15,2026-08-01,App,4,128.66,0.1
469,67,19,2026-01-02,Web,3,522.21,0.0
470,93,12,2026-04-15,App,2,489.06,0.0
471,40,8,2026-05-21,Web,3,767.92,0.1
472,22,31,2025-08-14,Loja,4,177.26,0.0
473,43,13,2026-08-27,Loja,2,397.88,0.1
474,97,25,2026-05-31,App,4,633.19,0.15
475,12,16,2026-06-03,Web,3,318.25,0.1
476,84,20,2026-08-27,Loja,1,220.61,0.15
477,28,20,2025-03-15,App,1,220.61,0.05
478,79,38,2026-07-23,Loja,4,601.73,0.15
479,86,22,2026-08-08,App,1,124.16,0.05
480,6,27,2026-03-18,Web,2,118.69,0.05
481,69,3,2025-12-28,Web,1,347.25,0.05
482,72,29,2025-07-15,Loja,1,504.54,0.15
483,48,20,2026-04-08,Loja,1,220.61,0.15
484,92,2,2025-10-14,Web,1,533.57,0.05
485,71,20,2026-01-15,Web,2,220.61,0.0
486,14,21,2025-07-24,Web,3,606.28,0.05
487,28,10,2025-09-11,Loja,1,721.56,0.0
488,100,3,2025-05-31,Web,2,347.25,0.0
489,61,17,2025-03-26,Web,1,764.1,0.15
490,19,40,2025-11-06,App,4,586.39,0.0
491,48,32,2026-03-18,Loja,1,491.04,0.05
492,65,40,2025-02-14,App,3,586.39,0.05
493,50,33,2025-03-01,Loja,3,636.77,0.0
494,39,27,2025-01-01,App,1,118.69,0.0
495,29,36,2026-08-08,Web,1,686.46,0.1
496,55,28,2025-07-07,App,4,329.1,0.1
497,64,7,2025-03-11,Loja,2,58.53,0.0
498,48,36,2025-04-06,App,4,686.46,0.0
499,94,16,2026-06-04,Loja,2,318.25,0.15
500,52,24,2025-06-24,Web,1,39.75,0.1
501,38,17,2025-12-17,App,4,764.1,0.15
502,73,11,2025-12-27,Web,1,640.27,0.05
503,68,30,2025-05-26,App,3,163.48,0.15
504,11,31,2025-03-29,Web,2,177.26,0.05
505,43,36,2026-02-20,Web,4,686.46,0.0
506,88,29,2026-01-29,App,3,504.54,0.0
507,49,14,2026-06-09,Loja,2,260.22,0.1
508,8,37,2025-09-30,Loja,3,217.27,0.1
509,86,32,2025-05-19,Web,3,491.04,0.15
510,92,12,2026-03-25,Loja,1,489.06,0.1
511,78,17,2025-03-09,App,2,764.1,0.15
512,98,17,2026-08-29,Loja,3,764.1,0.0
513,90,1,2025-01-23,Web,1,60.7,0.0
514,3,11,2025-02-20,Loja,2,640.27,0.1
515,78,9,2025-02-02,Web,1,42.07,0.05
516,87,26,2026-04-18,App,1,696.52,0.15
517,1,14,2025-06-30,Web,1,260.22,0.1
518,29,19,2025-08-29,Web,3,522.21,0.05
519,89,3,2026-07-29,App,1,347.25,0.0
520,83,6,2026-06-23,Loja,2,787.09,0.1
521,56,38,2025-01-20,App,3,601.73,0.15
522,88,16,2026-02-02,Loja,1,318.25,0.05
523,73,5,2025-02-22,Web,4,523.44,0.0
524,28,22,2025-10-12,Web,3,124.16,0.1
525,35,40,2025-10-04,Web,3,586.39,0.1
526,24,23,2025-01-23,Loja,1,329.63,0.0
527,17,18,2026-02-22,Loja,2,226.25,0.1
528,60,34,2025-02-21,Web,2,322.37,0.15
529,3,27,2026-06-29,Loja,4,118.69,0.1
530,2,22,2026-06-15,Loja,1,124.16,0.0
531,9,10,2026-04-11,Loja,3,721.56,0.1
532,100,40,2026-03-21,Loja,1,586.39,0.0
533,71,27,2026-02-28,App,4,118.69,0.1
534,23,21,2026-06-09,Loja,4,606.28,0.1
535,54,15,2026-06-14,Web,4,128.66,0.0
536,33,7,2025-03-16,Loja,4,58.53,0.1
537,98,38,2026-04-13,App,3,601.73,0.05
538,68,27,2026-08-06,App,1,118.69,0.0
539,4,39,2026-08-27,App,2,323.32,0.05
540,42,35,2025-08-04,Web,3,330.39,0.1
541,49,34,2025-07-22,Loja,2,322.37,0.15
542,22,14,2026-03-23,Loja,2,260.22,0.0
543,64,16,2026-07-20,Loja,1,318.25,0.0
544,91,27,2025-04-22,Web,2,118.69,0.0
545,46,31,2026-02-18,App,1,177.26,0.0
546,37,35,2025-12-10,Loja,2,330.39,0.0
547,16,17,2025-06-07,Loja,2,764.1,0.05
548,52,40,2025-01-28,App,1,586.39,0.0
549,16,38,2026-04-14,App,3,601.73,0.0
550,94,26,2026-01-26,Web,2,696.52,0.05
551,85,10,2026-04-16,Loja,1,721.56,0.15
552,50,4,2025-10-10,Loja,2,327.73,0.0
553,60,34,2025-12-08,Web,4,322.37,0.15
554,41,3,2026-05-23,App,4,347.25,0.0
555,4,12,2026-05-31,Web,3,489.06,0.05
556,45,5,2026-07-19,App,2,523.44,0.0
557,22,4,2025-06-16,App,2,327.73,0.05
558,26,27,2025-01-11,App,4,118.69,0.05
559,53,19,2026-02-05,Loja,4,522.21,0.15
560,74,1,2025-12-04,App,1,60.7,0.15
561,43,31,2025-01-19,Web,2,177.26,0.0
562,48,40,2025-11-26,App,3,586.39,0.15
563,47,6,2026-08-15,Web,4,787.09,0.05
564,87,26,2025-02-04,Web,1,696.52,0.15
565,5,20,2025-10-31,Loja,2,220.61,0.0
566,65,18,2025-11-19,App,3,226.25,0.05
567,53,7,2026-01-10,Web,2,58.53,0.0
568,6,25,2026-02-11,App,1,633.19,0.0
569,10,17,2025-05-31,Loja,4,764.1,0.05
570,68,37,2026-05-24,Loja,3,217.27,0.1
571,2,8,2026-05-26,App,1,767.92,0.15
572,33,36,2026-03-25,Loja,2,686.46,0.1
573,29,3,2025-06-07,Web,2,347.25,0.1
574,12,9,2026-01-21,Web,1,42.07,0.0
575,45,25,2025-01-08,Web,4,633.19,0.0
576,26,39,2026-06-12,Web,4,323.32,0.15
577,6,3,2026-07-03,App,4,347.25,0.0
578,82,34,2026-04-09,App,3,322.37,0.05
579,75,3,2026-04-05,App,2,347.25,0.0
580,56,31,2026-03-10,App,4,177.26,0.15
581,34,6,2025-10-06,Web,3,787.09,0.1
582,48,22,2026-03-13,Loja,2,124.16,0.1
583,41,12,2025-01-13,Loja,3,489.06,0.0
584,38,11,2025-12-21,Loja,1,640.27,0.0
585,82,27,2025-08-18,App,2,118.69,0.1
586,27,35,2026-07-04,Loja,4,330.39,0.05
587,44,7,2025-08-23,Loja,4,58.53,0.05
588,93,8,2026-04-20,Web,1,767.92,0.15
589,35,11,2026-06-07,Loja,4,640.27,0.15
590,55,25,2025-06-20,Web,1,633.19,0.1
591,28,14,2025-07-18,Loja,1,260.22,0.0
592,100,12,2026-01-26,Web,4,489.06,0.0
593,18,6,2025-01-29,Loja,1,787.09,0.0
594,12,10,2026-03-23,Loja,3,721.56,0.15
595,17,40,2025-03-24,App,2,586.39,0.1
596,38,25,2026-06-07,Loja,2,633.19,0.1
597,42,21,2025-07-22,App,1,606.28,0.1
598,23,2,2026-03-16,App,1,533.57,0.15
599,30,16,2026-06-28,Loja,4,318.25,0.05
600,73,8,2025-12-05,App,4,767.92,0.0
601,92,35,2025-05-06,App,2,330.39,0.0
602,38,4,2025-09-05,Web,2,327.73,0.1
603,87,15,2025-03-22,App,2,128.66,0.0
604,33,23,2025-08-23,Web,3,329.63,0.15
605,58,9,2025-06-11,Loja,4,42.07,0.1
606,27,37,2025-04-02,Web,2,217.27,0.15
607,21,18,2026-04-14,App,4,226.25,0.0
608,4,9,2025-06-11,Loja,1,42.07,0.1
609,62,35,2026-02-05,Web,3,330.39,0.0
610,87,2,2025-09-30,Web,2,533.57,0.0
611,43,7,2026-01-28,App,4,58.53,0.1
612,86,36,2025-04-09,Web,3,686.46,0.0
613,12,4,2025-02-01,Loja,3,327.73,0.1
614,72,31,2025-10-17,Loja,1,177.26,0.15
615,17,38,2026-03-04,Web,4,601.73,0.05
616,94,22,2025-02-22,App,1,124.16,0.0
617,60,26,2025-03-31,Loja,1,696.52,0.0
618,76,37,2026-06-06,Loja,3,217.27,0.0
619,77,19,2025-05-21,Web,3,522.21,0.05
620,11,40,2025-06-07,Web,2,586.39,0.05
621,75,25,2025-01-15,Loja,2,633.19,0.15
622,37,16,2026-01-03,Web,1,318.25,0.05
623,9,33,2025-01-10,Web,3,636.77,0.05
624,28,34,2025-12-06,Loja,1,322.37,0.0
625,62,4,2026-01-10,Loja,4,327.73,0.15
626,46,22,2026-04-05,Loja,4,124.16,0.1
627,36,25,2026-03-27,App,2,633.19,0.15
628,19,12,2026-04-13,Loja,2,489.06,0.0
629,26,26,2025-11-04,App,2,696.52,0.0
630,79,13,2025-05-21,Web,1,397.88,0.15
631,29,33,2026-03-13,Loja,4,636.77,0.0
632,98,22,2026-01-13,Loja,3,124.16,0.15
633,23,2,2026-03-23,App,3,533.57,0.05
634,63,34,2025-04-24,Loja,2,322.37,0.15
635,31,5,2025-08-09,Web,3,523.44,0.0
636,29,4,2026-09-02,App,1,327.73,0.0
637,68,4,2026-06-21,App,1,327.73,0.05
638,51,29,2025-09-20,App,3,504.54,0.1
639,27,18,2025-07-24,App,1,226.25,0.05
640,59,3,2025-11-23,App,2,347.25,0.0
641,47,33,2026-08-14,Loja,2,636.77,0.0
642,23,25,2026-03-05,Loja,4,633.19,0.1
643,83,38,2025-06-23,App,2,601.73,0.0
644,56,9,2026-03-04,Web,1,42.07,0.05
645,9,37,2026-05-31,App,4,217.27,0.1
646,33,14,2025-12-29,Web,2,260.22,0.1
647,68,17,2025-04-02,App,2,764.1,0.0
648,76,20,2025-11-08,Web,2,220.61,0.05
649,83,17,2025-07-16,Loja,3,764.1,0.15
650,62,14,2025-08-04,Web,1,260.22,0.15
651,83,23,2025-01-03,Loja,3,329.63,0.15
652,26,29,2025-02-13,Web,2,504.54,0.0
653,7,2,2026-05-10,Loja,4,533.57,0.0
654,84,40,2025-04-24,Web,2,586.39,0.15
655,25,37,2025-05-02,App,1,217.27,0.0
656,17,40,2025-10-29,Web,4,586.39,0.0
657,16,34,2026-05-05,Web,3,322.37,0.0
658,95,40,2025-03-08,Loja,1,586.39,0.05
659,42,26,2025-12-10,App,2,696.52,0.15
660,20,5,2026-01-14,Web,1,523.44,0.1
661,47,25,2025-10-20,App,1,633.19,0.15
662,67,23,2025-10-20,App,4,329.63,0.05
663,16,31,2025-07-23,Loja,3,177.26,0.1
664,49,30,2026-05-14,Web,3,163.48,0.0
665,94,35,2026-04-29,Loja,4,330.39,0.05
666,18,38,2026-07-11,Loja,4,601.73,0.0
667,14,35,2025-08-21,Loja,3,330.39,0.1
668,92,36,2026-05-20,Web,3,686.46,0.0
669,8,34,2026-08-15,Web,4,322.37,0.15
670,44,37,2025-04-02,Web,1,217.27,0.0
671,71,8,2025-09-20,Loja,3,767.92,0.0
672,89,9,2025-03-07,Web,1,42.07,0.15
673,51,37,2026-07-15,Web,3,217.27,0.0
674,48,34,2025-09-12,Loja,1,322.37,0.15
675,97,35,2026-07-02,App,3,330.39,0.15
676,9,23,2025-05-21,App,2,329.63,0.0
677,100,10,2026-04-06,Web,3,721.56,0.1
678,17,40,2026-05-22,App,1,586.39,0.0
679,33,27,2025-12-18,App,4,118.69,0.15
680,32,16,2025-12-24,Loja,1,318.25,0.05
681,71,23,2025-10-22,Loja,4,329.63,0.0
682,34,29,2026-01-02,App,1,504.54,0.05
683,56,10,2026-08-21,Web,4,721.56,0.1
684,43,1,2025-10-07,Web,3,60.7,0.15
685,58,22,2026-07-29,App,2,124.16,0.0
686,81,16,2026-06-25,App,4,318.25,0.05
687,56,11,2025-06-17,Loja,1,640.27,0.0
688,45,2,2026-01-24,Web,1,533.57,0.1
689,70,32,2025-12-30,Loja,1,491.04,0.1
690,8,25,2026-02-25,Web,4,633.19,0.1
691,82,30,2026-07-06,Loja,1,163.48,0.0
692,4,28,2025-06-05,Loja,3,329.1,0.0
693,87,37,2025-04-16,Loja,1,217.27,0.0
694,46,22,2025-02-28,App,4,124.16,0.15
695,2,40,2026-06-18,Web,2,586.39,0.0
696,48,28,2026-05-02,Loja,1,329.1,0.0
697,79,12,2025-10-09,Web,3,489.06,0.0
698,93,15,2025-01-04,Web,1,128.66,0.15
699,22,19,2025-10-20,App,2,522.21,0.0
700,11,38,2025-02-22,App,3,601.73,0.15
701,30,38,2026-07-18,App,4,601.73,0.15
702,59,13,2025-05-28,Web,1,397.88,0.0
703,84,23,2026-05-20,App,4,329.63,0.0
704,78,34,2025-08-15,Loja,4,322.37,0.15
705,12,34,2026-07-29,App,1,322.37,0.0
706,81,36,2025-12-30,App,1,686.46,0.0
707,86,24,2025-06-07,Web,2,39.75,0.0
708,37,37,2025-04-07,Loja,1,217.27,0.05
709,11,40,2025-03-04,Web,4,586.39,0.0
710,52,36,2025-05-22,App,1,686.46,0.05
711,63,20,2026-07-31,Web,1,220.61,0.05
712,7,26,2025-06-18,Loja,2,696.52,0.0
713,82,28,2026-08-07,Web,3,329.1,0.0
714,12,36,2025-11-18,Loja,2,686.46,0.0
715,93,40,2026-05-06,App,3,586.39,0.15
716,57,2,2025-10-01,Loja,3,533.57,0.05
717,66,37,2025-12-02,App,3,217.27,0.05
718,35,27,2026-07-23,Web,3,118.69,0.1
719,53,12,2025-10-24,Loja,3,489.06,0.0
720,27,25,2026-02-28,App,3,633.19,0.0
721,7,25,2026-02-16,Loja,4,633.19,0.1
722,98,14,2025-11-20,Web,2,260.22,0.1
723,12,22,2026-04-05,App,3,124.16,0.05
724,47,18,2026-04-25,Web,2,226.25,0.05
725,23,22,2025-07-21,App,3,124.16,0.0
726,18,39,2025-02-19,Web,2,323.32,0.1
727,31,27,2026-08-01,Web,1,118.69,0.05
728,20,20,2026-03-15,Web,1,220.61,0.1
729,24,18,2026-02-15,Loja,4,226.25,0.1
730,63,9,2025-01-24,App,2,42.07,0.15
731,94,33,2025-12-12,App,2,636.77,0.05
732,8,35,2025-04-05,Loja,2,330.39,0.05
733,41,17,2025-11-16,Web,3,764.1,0.1
734,46,23,2025-11-26,Web,4,329.63,0.15
735,24,13,2025-10-09,Web,3,397.88,0.0
736,49,19,2025-11-23,Web,2,522.21,0.1
737,34,34,2026-04-12,App,4,322.37,0.1
738,50,37,2025-05-11,App,1,217.27,0.05
739,42,21,2025-02-01,App,4,606.28,0.15
740,20,17,2025-05-30,Web,3,764.1,0.15
741,58,12,2026-04-02,App,4,489.06,0.0
742,42,16,2025-04-10,Loja,2,318.25,0.0
743,35,5,2026-03-20,Web,3,523.44,0.1
744,67,29,2025-03-10,Loja,2,504.54,0.15
745,51,3,2025-03-04,Loja,1,347.25,0.05
746,2,10,2025-03-23,Loja,1,721.56,0.15
747,18,4,2025-01-14,Web,1,327.73,0.0
748,48,31,2025-07-22,Web,3,177.26,0.0
749,64,38,2026-02-11,Web,2,601.73,0.0
750,62,14,2026-08-26,Loja,4,260.22,0.15
751,9,8,2026-02-02,Loja,2,767.92,0.15
752,64,5,2025-04-28,Web,2,523.44,0.1
753,43,33,2026-03-09,App,2,636.77,0.0
754,42,21,2025-09-22,Loja,3,606.28,0.0
755,17,22,2026-07-19,App,3,124.16,0.0
756,31,18,2026-02-23,App,1,226.25,0.15
757,2,17,2026-04-14,App,2,764.1,0.0
758,63,7,2025-12-23,App,2,58.53,0.05
759,69,11,2026-07-16,Loja,4,640.27,0.1
760,32,24,2026-08-02,Web,2,39.75,0.1
761,66,34,2025-04-02,Web,3,322.37,0.0
762,63,27,2026-02-27,App,4,118.69,0.0
763,37,19,2026-02-21,App,2,522.21,0.0
764,92,12,2026-04-22,App,3,489.06,0.05
765,75,37,2026-06-28,App,1,217.27,0.15
766,52,30,2026-02-09,App,4,163.48,0.1
767,3,25,2026-07-03,App,3,633.19,0.15
768,79,14,2025-12-27,Loja,2,260.22,0.15
769,69,26,2026-06-17,Loja,3,696.52,0.1
770,91,28,2026-03-30,Loja,4,329.1,0.0
771,39,13,2026-07-14,Loja,3,397.88,0.05
772,18,14,2026-07-27,Loja,1,260.22,0.0
773,60,39,2025-11-27,Loja,3,323.32,0.15
774,34,20,2025-01-14,Web,2,220.61,0.0
775,1,12,2025-03-24,Loja,1,489.06,0.05
776,95,2,2025-04-22,Web,2,533.57,0.05
777,88,17,2026-05-02,Loja,4,764.1,0.15
778,48,40,2025-09-03,App,4,586.39,0.0
779,38,25,2026-06-11,App,1,633.19,0.15
780,47,29,2026-06-28,Loja,4,504.54,0.0
781,27,19,2025-10-24,Web,2,522.21,0.05
782,18,27,2025-05-02,Loja,2,118.69,0.1
783,100,5,2025-02-02,App,2,523.44,0.0
784,25,11,2025-08-08,Loja,3,640.27,0.0
785,46,28,2025-02-07,App,1,329.1,0.0
786,48,32,2025-07-18,Loja,2,491.04,0.1
787,89,7,2025-01-04,App,1,58.53,0.0
788,84,20,2025-10-05,Loja,2,220.61,0.0
789,11,1,2025-03-23,App,4,60.7,0.1
790,70,38,2026-01-26,App,1,601.73,0.15
791,43,34,2025-05-23,App,1,322.37,0.15
792,3,37,2025-09-18,App,3,217.27,0.0
793,45,15,2025-10-19,App,1,128.66,0.0
794,96,7,2026-07-01,App,2,58.53,0.15
795,47,10,2025-02-17,App,4,721.56,0.05
796,12,8,2025-09-23,Web,3,767.92,0.05
797,57,25,2025-05-03,Web,4,633.19,0.15
798,36,20,2026-05-07,App,3,220.61,0.05
799,34,36,2025-02-24,App,3,686.46,0.15
800,68,8,2026-07-19,App,1,767.92,0.05
801,97,17,2026-02-01,App,3,764.1,0.1
802,7,31,2025-06-15,App,4,177.26,0.1
803,1,13,2025-04-26,App,1,397.88,0.05
804,37,34,2025-01-13,Loja,3,322.37,0.0
805,62,29,2025-06-01,App,4,504.54,0.05
806,22,28,2025-10-10,Loja,2,329.1,0.15
807,86,9,2026-01-03,App,4,42.07,0.15
808,17,8,2025-10-10,Loja,4,767.92,0.1
809,52,24,2025-10-03,Web,2,39.75,0.1
810,3,21,2025-02-08,Loja,4,606.28,0.0
811,94,19,2025-11-10,Web,3,522.21,0.05
812,34,29,2026-08-16,Loja,2,504.54,0.0
813,92,36,2025-02-26,App,1,686.46,0.0
814,59,33,2025-04-14,App,3,636.77,0.1
815,65,10,2025-08-31,App,2,721.56,0.0
816,95,3,2025-04-08,Loja,2,347.25,0.05
817,3,33,2025-10-20,Loja,2,636.77,0.0
818,29,15,2026-04-18,App,3,128.66,0.05
819,48,19,2025-05-25,Web,2,522.21,0.05
820,16,11,2025-08-25,Loja,2,640.27,0.0
821,91,1,2026-03-31,App,1,60.7,0.0
822,85,7,2025-01-03,Web,4,58.53,0.0
823,23,3,2026-02-28,App,2,347.25,0.0
824,5,26,2025-03-29,Loja,2,696.52,0.0
825,75,33,2025-07-05,Web,4,636.77,0.0
826,84,25,2025-11-04,Web,1,633.19,0.1
827,36,28,2025-08-13,Loja,4,329.1,0.05
828,20,36,2025-09-30,Loja,4,686.46,0.0
829,12,20,2025-12-13,Loja,4,220.61,0.05
830,91,3,2026-03-02,Web,3,347.25,0.0
831,59,12,2025-11-11,Web,1,489.06,0.15
832,51,25,2026-04-07,Web,2,633.19,0.0
833,74,11,2025-04-10,Loja,2,640.27,0.0
834,18,40,2025-01-11,App,1,586.39,0.1
835,72,9,2026-02-23,Loja,4,42.07,0.0
836,55,30,2026-06-20,Loja,1,163.48,0.15
837,85,31,2025-07-17,App,3,177.26,0.1
838,30,29,2026-08-29,App,4,504.54,0.05
839,50,10,2026-02-11,App,1,721.56,0.15
840,70,11,2026-01-25,App,2,640.27,0.05
841,43,21,2026-03-06,Loja,4,606.28,0.0
842,66,34,2026-09-03,Web,2,322.37,0.0
843,76,20,2025-12-06,Web,4,220.61,0.1
844,90,33,2025-04-09,Loja,2,636.77,0.0
845,68,21,2026-07-12,Loja,2,606.28,0.05
846,68,20,2025-10-15,Web,4,220.61,0.0
847,6,3,2025-04-12,App,3,347.25,0.0
848,8,20,2026-07-12,Loja,3,220.61,0.05
849,4,9,2026-06-04,App,4,42.07,0.05
850,41,2,2026-04-15,Web,4,533.57,0.0
851,10,40,2025-09-29,App,2,586.39,0.1
852,55,1,2025-05-24,App,4,60.7,0.1
853,62,15,2025-10-17,App,2,128.66,0.15
854,31,32,2025-07-13,Loja,4,491.04,0.15
855,87,14,2025-08-25,Loja,3,260.22,0.0
856,94,5,2025-10-09,Web,2,523.44,0.0
857,85,6,2025-10-06,App,4,787.09,0.1
858,29,25,2025-03-01,Web,2,633.19,0.0
859,80,34,2026-08-04,App,4,322.37,0.1
860,1,11,2026-04-17,Web,2,640.27,0.05
861,95,33,2025-08-14,Web,3,636.77,0.0
862,21,25,2025-01-22,App,1,633.19,0.0
863,12,27,2026-01-16,App,1,118.69,0.05
864,11,14,2026-03-11,App,4,260.22,0.05
865,2,36,2026-05-23,Web,1,686.46,0.1
866,89,23,2026-06-07,App,3,329.63,0.0
867,12,4,2025-12-10,Loja,3,327.73,0.1
868,49,37,2025-10-20,App,3,217.27,0.15
869,85,25,2025-11-30,App,2,633.19,0.15
870,26,17,2026-05-19,Loja,1,764.1,0.1
871,52,36,2025-06-25,App,3,686.46,0.0
872,58,3,2025-01-27,Web,3,347.25,0.15
873,55,2,2026-03-05,Loja,1,533.57,0.0
874,92,36,2025-04-18,Web,3,686.46,0.05
875,44,23,2026-01-24,Loja,4,329.63,0.15
876,100,12,2025-02-10,Web,4,489.06,0.05
877,94,25,2025-01-20,Web,4,633.19,0.0
878,89,17,2025-12-07,Loja,4,764.1,0.0
879,5,14,2025-12-24,App,4,260.22,0.0
880,7,27,2026-08-13,App,1,118.69,0.15
881,55,8,2025-01-17,Web,4,767.92,0.0
882,80,32,2025-03-03,App,1,491.04,0.0
883,16,24,2026-07-19,Web,3,39.75,0.0
884,53,8,2026-08-14,Web,2,767.92,0.15
885,99,39,2025-11-17,App,3,323.32,0.0
886,4,34,2026-07-23,Loja,2,322.37,0.05
887,6,8,2025-08-08,Loja,3,767.92,0.1
888,48,38,2025-08-19,Web,3,601.73,0.0
889,30,1,2025-07-12,App,1,60.7,0.0
890,59,19,2025-03-02,App,4,522.21,0.05
891,99,39,2026-03-05,App,2,323.32,0.0
892,81,17,2025-12-05,App,2,764.1,0.0
893,62,17,2025-02-12,Web,3,764.1,0.0
894,47,25,2025-07-31,App,2,633.19,0.0
895,63,34,2025-04-10,App,1,322.37,0.0
896,60,13,2026-05-13,Loja,2,397.88,0.1
897,18,34,2025-05-28,Loja,2,322.37,0.0
898,91,4,2026-06-24,Web,3,327.73,0.1
899,22,34,2025-03-31,Loja,3,322.37,0.0
900,50,34,2026-02-10,App,2,322.37,0.1
901,13,10,2025-04-03,Loja,1,721.56,0.0
902,29,18,2025-06-03,App,4,226.25,0.05
903,43,38,2025-01-20,Web,2,601.73,0.0
904,27,7,2026-08-07,Loja,2,58.53,0.15
905,99,6,2025-08-11,Web,3,787.09,0.05
906,63,32,2025-07-11,Loja,3,491.04,0.05
907,35,1,2026-07-22,Web,3,60.7,0.0
908,17,16,2025-12-20,App,1,318.25,0.05
909,99,26,2025-03-31,App,1,696.52,0.1
910,67,21,2026-01-06,App,3,606.28,0.0
911,46,20,2026-01-14,App,1,220.61,0.15
912,61,19,2025-07-09,App,3,522.21,0.0
913,61,14,2025-01-22,Web,4,260.22,0.1
914,1,33,2025-01-15,Web,4,636.77,0.05
915,29,13,2025-01-23,Web,2,397.88,0.1
916,93,34,2025-01-14,Loja,3,322.37,0.05
917,4,26,2025-04-03,Web,4,696.52,0.1
918,76,23,2026-04-01,Loja,4,329.63,0.05
919,52,38,2025-12-31,Loja,4,601.73,0.1
920,89,8,2026-08-21,Web,1,767.92,0.1
921,3,32,2026-07-10,Loja,4,491.04,0.1
922,32,5,2025-12-30,Loja,3,523.44,0.05
923,66,39,2025-05-12,Web,4,323.32,0.05
924,58,9,2025-10-11,Web,4,42.07,0.0
925,92,28,2026-01-11,App,2,329.1,0.1
926,15,19,2026-06-28,Loja,4,522.21,0.0
927,69,28,2025-06-21,Web,3,329.1,0.15
928,15,5,2025-08-24,Web,1,523.44,0.0
929,55,14,2026-02-26,Web,1,260.22,0.0
930,25,25,2025-12-06,Loja,1,633.19,0.0
931,67,14,2025-03-31,Loja,1,260.22,0.05
932,91,15,2026-06-23,App,1,128.66,0.15
933,37,2,2025-12-11,App,2,533.57,0.1
934,67,18,2025-11-16,Web,3,226.25,0.0
935,97,9,2026-07-26,Web,1,42.07,0.05
936,10,20,2025-05-09,Web,4,220.61,0.0
937,75,3,2026-01-23,Web,2,347.25,0.0
938,58,26,2025-05-03,App,3,696.52,0.1
939,8,16,2026-05-02,Loja,3,318.25,0.0
940,18,30,2026-08-29,Loja,1,163.48,0.05
941,70,20,2025-10-26,Web,3,220.61,0.0
942,22,16,2026-03-30,Web,1,318.25,0.0
943,34,24,2025-04-23,Web,2,39.75,0.15
944,99,26,2025-10-10,App,1,696.52,0.0
945,43,24,2025-03-06,Web,4,39.75,0.15
946,34,13,2025-06-29,Web,4,397.88,0.0
947,29,2,2026-08-24,Loja,3,533.57,0.0
948,87,6,2025-01-15,Web,4,787.09,0.05
949,56,30,2025-09-25,App,1,163.48,0.0
950,1,38,2025-12-12,Web,1,601.73,0.05
951,83,29,2025-02-08,Web,1,504.54,0.0
952,75,37,2026-01-03,Loja,4,217.27,0.0
953,10,16,2025-06-30,App,4,318.25,0.1
954,35,13,2026-03-24,Loja,4,397.88,0.05
955,92,38,2026-01-13,Loja,1,601.73,0.05
956,10,39,2026-05-04,App,3,323.32,0.05
957,6,32,2025-12-24,App,4,491.04,0.0
958,3,18,2025-06-30,Web,3,226.25,0.0
959,99,18,2026-07-06,App,3,226.25,0.05
960,79,27,2026-06-19,App,2,118.69,0.0
961,3,32,2025-04-18,Loja,2,491.04,0.05
962,2,35,2026-04-27,Loja,2,330.39,0.15
963,63,24,2025-03-30,Web,2,39.75,0.05
964,48,35,2025-09-08,Web,1,330.39,0.1
965,2,3,2026-08-21,Loja,3,347.25,0.05
966,87,31,2025-11-10,App,1,177.26,0.1
967,97,38,2026-08-07,Web,4,601.73,0.0
968,37,4,2025-03-12,Web,1,327.73,0.1
969,59,1,2025-03-12,Web,3,60.7,0.15
970,19,34,2026-03-18,App,4,322.37,0.15
971,67,30,2026-04-15,App,1,163.48,0.05
972,68,10,2025-08-23,Web,4,721.56,0.0
973,23,7,2025-10-20,Web,3,58.53,0.0
974,75,7,2026-01-22,App,2,58.53,0.0
975,85,34,2025-03-25,Loja,1,322.37,0.05
976,98,18,2026-05-15,Loja,3,226.25,0.0
977,60,30,2025-05-31,Web,2,163.48,0.05
978,79,33,2025-08-15,App,3,636.77,0.05
979,9,7,2026-05-17,App,4,58.53,0.0
980,62,11,2026-05-05,Web,4,640.27,0.15
981,96,30,2025-09-07,Loja,1,163.48,0.0
982,23,9,2025-10-11,Web,1,42.07,0.1
983,96,29,2026-01-14,Loja,3,504.54,0.15
984,48,9,2025-06-26,App,4,42.07,0.05
985,40,39,2026-03-09,Loja,4,323.32,0.1
986,80,29,2025-02-20,Loja,2,504.54,0.05
987,15,5,2026-01-11,Loja,1,523.44,0.0
988,42,8,2026-02-04,Web,1,767.92,0.0
989,11,4,2026-07-17,App,4,327.73,0.0
990,45,10,2025-11-16,Web,2,721.56,0.15
991,42,35,2025-11-18,App,2,330.39,0.0
992,82,34,2025-02-01,App,3,322.37,0.15
993,27,33,2025-08-10,Web,2,636.77,0.0
994,88,10,2026-06-10,Web,1,721.56,0.15
995,17,28,2026-02-28,Loja,1,329.1,0.1
996,58,36,2026-04-22,App,3,686.46,0.1
997,78,5,2026-01-25,Web,4,523.44,0.0
998,91,23,2026-03-31,Web,2,329.63,0.0
999,31,18,2026-04-25,Web,1,226.25,0.1
1000,25,35,2026-05-11,App,3,330.39,0.0
1001,29,39,2026-07-15,App,3,323.32,0.1
1002,68,13,2025-01-01,App,3,397.88,0.0
1003,95,10,2025-08-15,Loja,2,721.56,0.05
1004,30,20,2026-04-16,Loja,2,220.61,0.0
1005,43,23,2025-01-31,App,2,329.63,0.1
1006,100,37,2026-03-07,Web,1,217.27,0.0
1007,33,25,2025-01-16,App,1,633.19,0.0
1008,65,7,2025-02-25,Loja,1,58.53,0.0
1009,36,15,2026-04-04,Loja,4,128.66,0.0
1010,7,29,2026-06-09,App,4,504.54,0.05
1011,21,26,2026-08-21,Web,3,696.52,0.0
1012,52,22,2025-07-22,App,1,124.16,0.05
1013,33,40,2026-08-08,Web,1,586.39,0.15
1014,51,25,2026-08-14,App,1,633.19,0.05
1015,60,39,2025-12-27,App,1,323.32,0.15
1016,63,17,2025-03-15,Web,1,764.1,0.05
1017,84,5,2026-03-23,Web,4,523.44,0.0
1018,97,2,2026-03-10,App,3,533.57,0.15
1019,33,4,2026-06-17,App,2,327.73,0.1
1020,2,15,2026-02-13,App,1,128.66,0.05
1021,65,35,2026-01-10,Web,3,330.39,0.0
1022,57,29,2026-03-30,App,3,504.54,0.05
1023,45,14,2026-01-15,Loja,1,260.22,0.0
1024,54,8,2025-04-24,App,1,767.92,0.0
1025,34,1,2026-07-23,Web,1,60.7,0.05
1026,32,24,2025-02-14,App,4,39.75,0.0
1027,42,38,2026-07-08,Web,4,601.73,0.05
1028,89,23,2025-01-03,Web,3,329.63,0.0
1029,58,4,2025-03-16,App,4,327.73,0.0
1030,73,13,2025-01-01,App,4,397.88,0.0
1031,84,6,2026-03-11,Web,4,787.09,0.05
1032,45,40,2025-09-18,Web,4,586.39,0.05
1033,4,21,2026-06-21,Web,3,606.28,0.15
1034,3,17,2025-11-05,App,1,764.1,0.15
1035,4,26,2025-03-15,Web,1,696.52,0.0
1036,38,28,2025-04-17,Loja,3,329.1,0.05
1037,1,5,2025-07-22,Loja,2,523.44,0.05
1038,19,28,2025-04-15,Loja,4,329.1,0.1
1039,6,25,2025-05-14,Loja,2,633.19,0.0
1040,90,35,2025-02-03,Web,2,330.39,0.15
1041,25,36,2026-01-04,App,3,686.46,0.05
1042,29,11,2026-02-06,Web,1,640.27,0.0
1043,2,12,2025-08-10,Loja,2,489.06,0.0
1044,100,24,2026-03-13,Loja,1,39.75,0.1
1045,64,11,2025-08-31,App,4,640.27,0.0
1046,82,13,2025-03-25,Web,2,397.88,0.15
1047,9,19,2025-09-15,App,2,522.21,0.1
1048,28,5,2025-09-29,App,2,523.44,0.1
1049,22,7,2026-04-23,Web,4,58.53,0.1
1050,71,38,2025-12-08,Web,1,601.73,0.0
1051,36,2,2026-05-03,Web,4,533.57,0.1
1052,10,34,2026-01-26,Loja,2,322.37,0.0
1053,38,12,2026-07-28,Loja,1,489.06,0.15
1054,56,18,2025-07-18,App,1,226.25,0.15
1055,47,38,2025-04-13,App,1,601.73,0.0
1056,48,36,2026-07-23,Loja,3,686.46,0.15
1057,68,24,2025-07-20,Loja,4,39.75,0.0
1058,74,33,2025-04-24,Web,3,636.77,0.05
1059,85,8,2025-11-26,Web,1,767.92,0.0
1060,38,28,2026-01-17,App,3,329.1,0.05
1061,14,34,2025-06-10,App,4,322.37,0.0
1062,49,36,2026-03-27,App,4,686.46,0.0
1063,73,38,2026-07-24,Loja,4,601.73,0.15
1064,44,27,2025-03-01,App,4,118.69,0.1
1065,69,38,2026-04-24,Loja,2,601.73,0.0
1066,19,1,2026-04-13,Web,3,60.7,0.0
1067,46,29,2025-05-11,Loja,4,504.54,0.05
1068,10,7,2025-06-02,Web,2,58.53,0.15
1069,90,4,2025-08-24,Web,1,327.73,0.15
1070,62,40,2026-06-10,App,2,586.39,0.05
1071,64,31,2025-01-15,App,2,177.26,0.15
1072,95,5,2025-12-17,Loja,4,523.44,0.15
1073,59,15,2025-07-11,Web,3,128.66,0.15
1074,10,14,2025-03-10,Loja,1,260.22,0.1
1075,64,31,2026-05-11,Loja,3,177.26,0.0
1076,37,21,2025-03-24,Web,3,606.28,0.05
1077,20,2,2026-04-11,Web,4,533.57,0.1
1078,57,1,2026-08-19,Loja,2,60.7,0.05
1079,40,36,2026-02-26,App,4,686.46,0.1
1080,5,21,2025-05-22,Web,3,606.28,0.05
1081,5,38,2025-11-29,Loja,4,601.73,0.15
1082,91,9,2025-10-27,Web,3,42.07,0.0
1083,90,8,2025-08-01,App,4,767.92,0.0
1084,81,28,2025-03-18,App,2,329.1,0.0
1085,3,2,2025-04-26,App,4,533.57,0.1
1086,54,29,2025-08-17,Web,3,504.54,0.0
1087,52,26,2025-10-12,Web,1,696.52,0.0
1088,97,34,2025-05-28,Web,4,322.37,0.15
1089,78,36,2025-01-31,Loja,2,686.46,0.1
1090,9,8,2026-04-29,Loja,1,767.92,0.05
1091,12,1,2025-04-19,Loja,1,60.7,0.1
1092,97,4,2026-06-09,Loja,3,327.73,0.0
1093,46,33,2026-05-31,App,2,636.77,0.15
1094,76,9,2026-07-29,Loja,2,42.07,0.15
1095,34,8,2025-03-04,Web,1,767.92,0.05
1096,46,13,2025-06-02,App,4,397.88,0.15
1097,1,35,2025-04-21,App,3,330.39,0.1
1098,52,3,2025-11-27,Web,3,347.25,0.05
1099,99,25,2025-05-28,Loja,2,633.19,0.05
1100,65,20,2026-03-06,Web,4,220.61,0.0
1101,41,22,2025-10-29,Loja,3,124.16,0.05
1102,18,37,2026-04-04,Loja,2,217.27,0.0
1103,52,27,2025-04-25,Loja,4,118.69,0.0
1104,29,9,2026-03-27,Loja,1,42.07,0.15
1105,37,23,2026-03-29,Web,2,329.63,0.15
1106,5,23,2025-06-19,App,1,329.63,0.0
1107,52,2,2025-12-28,App,2,533.57,0.15
1108,21,38,2025-11-30,Loja,1,601.73,0.0
1109,97,30,2026-08-16,Loja,2,163.48,0.05
1110,87,33,2025-12-20,App,2,636.77,0.0
1111,73,40,2025-07-16,Web,4,586.39,0.0
1112,28,12,2026-04-06,App,4,489.06,0.05
1113,43,16,2025-12-15,Web,2,318.25,0.1
1114,90,38,2026-08-24,Loja,1,601.73,0.15
1115,87,10,2025-02-21,App,1,721.56,0.0
1116,77,11,2026-08-01,Loja,2,640.27,0.1
1117,96,24,2026-02-13,Web,2,39.75,0.1
1118,72,23,2025-03-01,Loja,2,329.63,0.05
1119,56,11,2025-01-01,Web,2,640.27,0.0
1120,58,21,2025-07-08,Web,3,606.28,0.0
1121,31,16,2026-05-31,Loja,1,318.25,0.15
1122,72,22,2026-07-14,App,1,124.16,0.0
1123,25,21,2025-02-17,Loja,2,606.28,0.05
1124,4,29,2025-03-19,App,4,504.54,0.0
1125,82,34,2026-01-25,App,1,322.37,0.15
1126,82,26,2026-01-07,App,4,696.52,0.0
1127,67,34,2025-10-12,Web,2,322.37,0.05
1128,49,16,2025-11-02,Loja,2,318.25,0.15
1129,34,8,2025-06-01,Loja,1,767.92,0.1
1130,56,11,2025-09-05,Web,3,640.27,0.15
1131,21,2,2025-01-17,App,2,533.57,0.0
1132,48,12,2025-08-06,Loja,3,489.06,0.05
1133,89,32,2025-09-01,Web,1,491.04,0.15
1134,78,32,2025-12-06,Web,4,491.04,0.0
1135,64,26,2025-05-02,App,3,696.52,0.0
1136,76,16,2026-04-07,App,1,318.25,0.0
1137,69,27,2026-06-02,App,4,118.69,0.15
1138,29,19,2026-06-27,App,1,522.21,0.1
1139,13,18,2025-12-13,App,1,226.25,0.15
1140,20,12,2025-12-16,Loja,1,489.06,0.15
1141,57,17,2025-06-21,Loja,1,764.1,0.05
1142,60,28,2025-06-09,Loja,4,329.1,0.0
1143,67,33,2025-02-25,App,4,636.77,0.0
1144,30,8,2026-02-22,App,3,767.92,0.1
1145,35,14,2026-04-14,App,4,260.22,0.15
1146,97,30,2026-07-02,App,3,163.48,0.0
1147,7,14,2026-08-14,Web,4,260.22,0.05
1148,95,1,2025-10-21,Web,4,60.7,0.0
1149,3,1,2025-06-08,Loja,4,60.7,0.15
1150,77,32,2025-09-13,Web,2,491.04,0.15
1151,34,11,2026-04-26,Web,2,640.27,0.0
1152,14,35,2025-02-27,App,4,330.39,0.05
1153,34,10,2025-11-16,Web,4,721.56,0.15
1154,78,9,2026-04-15,Web,4,42.07,0.0
1155,92,40,2025-01-18,App,3,586.39,0.05
1156,45,9,2026-07-08,Web,4,42.07,0.0
1157,2,16,2025-11-24,App,4,318.25,0.05
1158,36,23,2026-05-02,Web,2,329.63,0.15
1159,7,17,2026-07-14,App,4,764.1,0.05
1160,41,35,2025-08-19,App,2,330.39,0.0
1161,9,15,2026-07-15,Web,1,128.66,0.15
1162,18,10,2025-03-14,App,2,721.56,0.15
1163,1,40,2025-10-14,App,3,586.39,0.05
1164,34,35,2025-05-20,Web,3,330.39,0.15
1165,73,24,2025-01-05,App,2,39.75,0.0
1166,63,2,2026-05-06,Web,3,533.57,0.15
1167,37,6,2025-11-17,App,4,787.09,0.15
1168,49,1,2025-05-10,Loja,4,60.7,0.05
1169,19,37,2025-06-28,Web,2,217.27,0.15
1170,41,40,2025-12-24,App,2,586.39,0.0
1171,60,17,2025-08-06,Web,1,764.1,0.1
1172,25,18,2026-08-07,Loja,1,226.25,0.0
1173,12,2,2025-05-21,Web,1,533.57,0.1
1174,76,31,2026-04-30,Loja,4,177.26,0.0
1175,75,36,2025-05-25,Web,3,686.46,0.1
1176,14,15,2026-06-22,Loja,4,128.66,0.05
1177,49,39,2025-03-27,App,3,323.32,0.1
1178,98,35,2025-03-10,App,3,330.39,0.05
1179,83,34,2025-04-28,Web,2,322.37,0.1
1180,5,1,2026-05-27,App,3,60.7,0.1
1181,3,38,2025-11-05,Web,3,601.73,0.1
1182,73,24,2026-08-25,App,2,39.75,0.1
1183,6,3,2026-02-10,Web,1,347.25,0.0
1184,54,32,2025-05-09,Web,2,491.04,0.15
1185,69,27,2025-07-16,Loja,4,118.69,0.1
1186,19,14,2025-03-03,Web,3,260.22,0.0
1187,31,7,2025-09-27,App,3,58.53,0.0
1188,72,7,2026-07-20,App,3,58.53,0.05
1189,43,25,2026-03-28,Loja,1,633.19,0.0
1190,37,32,2026-04-27,Loja,2,491.04,0.15
1191,47,22,2025-02-26,Web,2,124.16,0.0
1192,32,2,2026-03-16,App,3,533.57,0.0
1193,44,35,2026-07-03,Web,3,330.39,0.0
1194,37,37,2026-03-28,Loja,1,217.27,0.0
1195,17,16,2025-12-11,App,1,318.25,0.0
1196,88,13,2026-05-11,Web,4,397.88,0.0
1197,32,16,2025-06-08,Loja,4,318.25,0.1
1198,76,3,2026-06-01,Web,3,347.25,0.0
1199,50,18,2026-02-04,Web,1,226.25,0.0
1200,7,9,2025-04-02,App,3,42.07,0.0
1201,61,37,2025-06-22,App,4,217.27,0.15
1202,81,1,2025-02-09,App,2,60.7,0.0
1203,41,35,2025-11-29,Web,4,330.39,0.05
1204,30,40,2026-07-16,Loja,3,586.39,0.1
1205,71,5,2025-11-16,App,4,523.44,0.0
1206,34,36,2026-03-06,App,3,686.46,0.0
1207,74,6,2026-04-09,Web,1,787.09,0.05
1208,63,8,2025-03-09,App,1,767.92,0.0
1209,23,22,2025-12-11,App,3,124.16,0.0
1210,20,25,2025-12-13,Web,1,633.19,0.15
1211,45,2,2025-12-03,Loja,3,533.57,0.1
1212,26,4,2025-03-07,App,2,327.73,0.0
1213,36,25,2025-06-22,Loja,3,633.19,0.05
1214,71,37,2025-11-11,Loja,3,217.27,0.05
1215,62,11,2025-02-06,Loja,1,640.27,0.0
1216,56,40,2025-07-14,Web,2,586.39,0.1
1217,69,10,2025-08-27,Web,2,721.56,0.0
1218,45,8,2025-03-28,Web,1,767.92,0.05
1219,67,9,2025-07-18,App,1,42.07,0.0
1220,61,7,2025-03-19,App,2,58.53,0.05
1221,38,3,2025-06-12,Loja,3,347.25,0.1
1222,31,33,2025-08-02,Web,3,636.77,0.0
1223,73,10,2025-02-25,Web,1,721.56,0.15
1224,9,38,2026-06-27,App,1,601.73,0.0
1225,42,8,2026-08-06,Loja,1,767.92,0.0
1226,62,15,2026-06-14,App,1,128.66,0.1
1227,12,33,2025-11-30,App,2,636.77,0.0
1228,77,10,2025-12-11,Loja,1,721.56,0.05
1229,36,36,2026-03-30,App,3,686.46,0.0
1230,1,12,2025-10-23,Web,4,489.06,0.05
1231,97,30,2026-03-10,App,2,163.48,0.0
1232,2,28,2025-07-27,Loja,1,329.1,0.0
1233,61,13,2025-04-24,Loja,2,397.88,0.15
1234,93,9,2025-10-10,Loja,2,42.07,0.05
1235,39,29,2026-03-30,App,2,504.54,0.1
1236,94,39,2025-08-12,Web,3,323.32,0.15
1237,56,3,2026-02-04,Loja,2,347.25,0.0
1238,20,2,2026-02-25,Loja,3,533.57,0.05
1239,97,32,2026-01-22,Loja,1,491.04,0.0
1240,26,13,2026-02-13,App,1,397.88,0.1
1241,96,20,2026-01-15,Web,1,220.61,0.1
1242,6,39,2026-03-29,Loja,2,323.32,0.05
1243,2,11,2025-12-16,App,4,640.27,0.1
1244,41,28,2025-12-27,Web,3,329.1,0.05
1245,95,1,2026-07-06,App,1,60.7,0.15
1246,92,39,2026-04-27,Loja,1,323.32,0.15
1247,36,12,2026-01-17,App,4,489.06,0.0
1248,61,38,2026-02-19,App,2,601.73,0.15
1249,72,1,2025-07-30,Loja,2,60.7,0.15
1250,33,12,2026-08-07,App,3,489.06,0.0
1251,53,5,2026-02-20,Web,4,523.44,0.0
1252,59,3,2026-02-17,Loja,3,347.25,0.05
1253,82,26,2026-03-20,App,2,696.52,0.0
1254,88,1,2025-07-07,Loja,4,60.7,0.15
1255,40,7,2026-07-17,Loja,1,58.53,0.15
1256,75,15,2025-04-20,Loja,1,128.66,0.0
1257,51,7,2025-06-23,Loja,1,58.53,0.0
1258,93,25,2026-03-20,Web,4,633.19,0.15
1259,77,8,2025-11-02,Web,2,767.92,0.05
1260,22,25,2026-01-09,App,3,633.19,0.0
1261,64,40,2026-05-29,Web,3,586.39,0.15
1262,53,11,2025-07-31,Web,4,640.27,0.15
1263,30,7,2025-09-05,Loja,2,58.53,0.05
1264,23,34,2026-04-07,Web,2,322.37,0.15
1265,93,8,2025-01-30,Loja,1,767.92,0.0
1266,18,19,2025-06-08,App,4,522.21,0.05
1267,54,36,2025-08-05,Loja,1,686.46,0.0
1268,30,9,2026-01-26,Loja,3,42.07,0.0
1269,99,5,2025-05-13,App,4,523.44,0.05
1270,95,38,2025-10-13,App,4,601.73,0.15
1271,32,17,2026-06-14,Loja,3,764.1,0.0
1272,55,31,2026-03-27,App,1,177.26,0.0
1273,48,2,2025-05-18,Loja,2,533.57,0.1
1274,99,39,2026-08-22,Loja,1,323.32,0.0
1275,74,12,2026-03-13,Web,2,489.06,0.0
1276,65,37,2025-11-12,App,4,217.27,0.1
1277,48,29,2025-04-22,Web,1,504.54,0.05
1278,66,5,2025-02-11,Loja,1,523.44,0.15
1279,75,17,2025-05-26,App,2,764.1,0.05
1280,69,18,2026-06-15,Loja,2,226.25,0.05
1281,95,25,2026-06-11,Loja,2,633.19,0.15
1282,89,13,2026-02-12,Web,3,397.88,0.0
1283,42,37,2025-01-20,App,1,217.27,0.05
1284,13,7,2025-12-31,Loja,4,58.53,0.05
1285,89,22,2026-01-09,App,3,124.16,0.1
1286,13,15,2026-02-03,App,1,128.66,0.0
1287,26,30,2025-04-15,App,3,163.48,0.15
1288,77,21,2025-07-15,Loja,1,606.28,0.05
1289,88,3,2025-05-11,App,2,347.25,0.05
1290,8,10,2026-02-09,App,4,721.56,0.1
1291,35,26,2026-01-18,Web,1,696.52,0.1
1292,25,23,2026-03-12,App,2,329.63,0.0
1293,21,15,2026-06-25,App,4,128.66,0.05
1294,27,4,2025-06-16,App,3,327.73,0.1
1295,68,13,2025-08-22,App,2,397.88,0.1
1296,45,19,2025-08-18,App,4,522.21,0.05
1297,53,21,2026-05-11,Loja,4,606.28,0.0
1298,17,1,2026-07-27,Web,3,60.7,0.0
1299,70,34,2026-01-22,App,1,322.37,0.05
1300,92,16,2026-02-24,Web,4,318.25,0.15
1301,71,3,2026-02-03,Loja,4,347.25,0.15
1302,39,30,2026-07-29,Loja,3,163.48,0.15
1303,67,40,2025-02-09,App,4,586.39,0.1
1304,93,22,2025-10-17,App,1,124.16,0.05
1305,80,13,2026-03-07,Web,3,397.88,0.0
1306,61,27,2025-11-17,Loja,4,118.69,0.1
1307,78,39,2026-02-04,Loja,4,323.32,0.0
1308,67,36,2025-06-11,Web,2,686.46,0.05
1309,94,11,2026-02-07,Web,4,640.27,0.15
1310,9,35,2025-08-13,Web,4,330.39,0.05
1311,58,10,2025-04-24,Loja,2,721.56,0.0
1312,41,33,2025-12-09,Loja,3,636.77,0.0
1313,16,23,2025-01-10,Loja,4,329.63,0.0
1314,32,36,2025-04-28,Loja,4,686.46,0.0
1315,5,26,2026-06-20,App,2,696.52,0.0
1316,75,32,2025-07-27,Loja,2,491.04,0.1
1317,42,31,2025-02-02,Loja,2,177.26,0.15
1318,1,37,2025-05-20,Web,4,217.27,0.1
1319,15,21,2025-02-26,App,3,606.28,0.05
1320,39,27,2025-01-06,App,1,118.69,0.0
1321,9,5,2025-11-23,Loja,2,523.44,0.05
1322,25,39,2025-10-24,Loja,2,323.32,0.0
1323,35,9,2026-05-11,Web,1,42.07,0.1
1324,57,21,2026-04-14,App,4,606.28,0.1
1325,27,37,2026-02-03,App,3,217.27,0.0
1326,31,13,2025-08-13,Web,3,397.88,0.05
1327,57,23,2025-12-30,App,1,329.63,0.0
1328,80,15,2026-08-21,App,4,128.66,0.0
1329,12,28,2025-08-06,App,3,329.1,0.05
1330,89,27,2025-11-29,App,2,118.69,0.05
1331,6,20,2025-03-23,Loja,3,220.61,0.15
1332,64,26,2025-10-09,Loja,1,696.52,0.0
1333,42,36,2026-01-23,App,3,686.46,0.05
1334,27,27,2025-06-28,Web,1,118.69,0.0
1335,9,23,2025-09-15,App,1,329.63,0.1
1336,87,10,2026-04-05,App,4,721.56,0.0
1337,6,14,2026-04-04,App,1,260.22,0.15
1338,60,40,2026-08-16,Loja,2,586.39,0.0
1339,80,3,2026-01-04,Web,1,347.25,0.15
1340,82,19,2025-01-18,Loja,1,522.21,0.15
1341,67,31,2026-03-01,Loja,1,177.26,0.05
1342,12,40,2025-12-15,App,3,586.39,0.15
1343,3,13,2025-03-01,App,4,397.88,0.1
1344,69,30,2025-08-21,App,1,163.48,0.0
1345,82,34,2026-07-25,App,4,322.37,0.15
1346,31,28,2025-04-07,Loja,1,329.1,0.15
1347,40,35,2025-04-12,Web,3,330.39,0.05
1348,27,20,2026-03-12,Loja,2,220.61,0.15
1349,3,8,2025-11-24,Web,3,767.92,0.15
1350,67,3,2025-02-03,Loja,1,347.25,0.05
1351,52,15,2025-05-15,App,2,128.66,0.15
1352,59,19,2025-11-24,Web,4,522.21,0.05
1353,36,28,2025-04-30,Loja,3,329.1,0.05
1354,78,36,2025-01-04,Web,3,686.46,0.1
1355,41,21,2026-08-13,Web,3,606.28,0.0
1356,62,31,2025-12-11,Loja,2,177.26,0.0
1357,62,17,2025-07-29,App,1,764.1,0.0
1358,41,9,2026-05-02,Web,2,42.07,0.1
1359,79,29,2026-07-30,Loja,3,504.54,0.1
1360,69,38,2025-08-23,Loja,3,601.73,0.15
1361,19,32,2025-03-29,Web,1,491.04,0.05
1362,15,5,2025-03-28,Loja,3,523.44,0.0
1363,20,19,2026-06-11,Web,3,522.21,0.15
1364,52,29,2026-03-14,Web,3,504.54,0.15
1365,84,8,2025-12-09,Loja,1,767.92,0.15
1366,48,16,2025-10-26,Web,1,318.25,0.1
1367,37,28,2026-07-02,Loja,1,329.1,0.0
1368,38,1,2026-02-03,Web,3,60.7,0.0
1369,19,27,2025-04-26,Web,2,118.69,0.0
1370,36,38,2025-07-18,Web,1,601.73,0.0
1371,58,31,2026-08-04,App,3,177.26,0.0
1372,100,1,2025-09-11,Loja,3,60.7,0.0
1373,89,32,2025-12-09,Web,2,491.04,0.15
1374,11,9,2026-01-16,Loja,1,42.07,0.1
1375,81,10,2026-01-20,Loja,1,721.56,0.1
1376,5,5,2026-01-12,Loja,3,523.44,0.05
1377,91,39,2026-05-04,Web,4,323.32,0.0
1378,7,40,2026-03-06,Loja,2,586.39,0.1
1379,73,25,2026-05-31,Loja,2,633.19,0.15
1380,71,11,2025-10-27,Web,1,640.27,0.0
1381,30,8,2025-03-01,Loja,1,767.92,0.15
1382,7,22,2026-02-17,Web,2,124.16,0.05
1383,10,13,2026-02-26,Loja,4,397.88,0.15
1384,76,25,2026-03-10,Loja,3,633.19,0.15
1385,45,20,2025-11-07,App,4,220.61,0.1
1386,52,17,2025-01-15,Loja,2,764.1,0.15
1387,9,31,2026-01-31,Loja,3,177.26,0.0
1388,22,4,2026-04-29,Web,1,327.73,0.0
1389,12,38,2026-01-29,Loja,4,601.73,0.05
1390,60,25,2025-12-24,Loja,1,633.19,0.0
1391,82,30,2026-05-28,App,1,163.48,0.1
1392,41,12,2026-03-30,Web,2,489.06,0.1
1393,5,24,2026-01-08,App,2,39.75,0.0
1394,32,37,2025-02-05,App,4,217.27,0.0
1395,97,14,2025-10-02,Web,4,260.22,0.1
1396,80,12,2026-06-20,Loja,2,489.06,0.1
1397,38,38,2025-06-26,App,1,601.73,0.0
1398,74,35,2025-11-07,App,4,330.39,0.05
1399,34,40,2025-09-04,App,4,586.39,0.05
1400,64,17,2025-02-07,Web,4,764.1,0.05
1401,11,30,2025-01-01,Web,2,163.48,0.0
1402,59,32,2025-01-20,Loja,1,491.04,0.15
1403,91,2,2025-03-07,App,2,533.57,0.1
1404,78,28,2025-10-17,Loja,4,329.1,0.05
1405,77,30,2026-02-23,App,3,163.48,0.0
1406,21,6,2026-01-13,App,4,787.09,0.1
1407,62,10,2025-07-09,Loja,4,721.56,0.05
1408,8,35,2026-01-14,App,4,330.39,0.1
1409,17,38,2025-06-28,Web,4,601.73,0.05
1410,93,29,2025-10-05,Web,4,504.54,0.0
1411,8,27,2026-01-13,Loja,4,118.69,0.05
1412,44,29,2026-07-14,Web,2,504.54,0.1
1413,90,26,2025-09-07,Loja,4,696.52,0.0
1414,29,38,2025-03-12,Web,1,601.73,0.0
1415,37,34,2025-05-11,Loja,2,322.37,0.0
1416,65,4,2025-03-01,App,4,327.73,0.0
1417,96,18,2026-07-10,App,4,226.25,0.0
1418,11,3,2026-05-26,Loja,2,347.25,0.0
1419,15,18,2025-03-31,Loja,4,226.25,0.05
1420,19,1,2025-10-18,Loja,2,60.7,0.1
1421,89,18,2025-01-26,Loja,3,226.25,0.1
1422,83,20,2025-04-16,Web,3,220.61,0.0
1423,8,8,2025-10-27,Web,2,767.92,0.0
1424,79,13,2026-04-05,Loja,2,397.88,0.05
1425,18,7,2026-08-01,App,2,58.53,0.15
1426,90,20,2026-02-01,App,3,220.61,0.1
1427,6,33,2025-08-18,App,3,636.77,0.0
1428,97,32,2025-11-08,Web,4,491.04,0.15
1429,33,29,2026-02-05,App,3,504.54,0.0
1430,46,38,2025-05-13,App,2,601.73,0.0
1431,40,6,2025-01-01,Web,2,787.09,0.0
1432,53,26,2025-05-16,Loja,3,696.52,0.05
1433,69,16,2026-03-26,Web,1,318.25,0.1
1434,37,13,2025-04-27,App,1,397.88,0.05
1435,44,3,2025-10-19,Web,1,347.25,0.15
1436,95,19,2025-04-11,Web,4,522.21,0.1
1437,85,37,2026-08-22,Loja,1,217.27,0.05
1438,90,4,2025-01-08,Loja,1,327.73,0.0
1439,66,27,2025-05-17,Web,1,118.69,0.15
1440,73,35,2025-04-03,App,1,330.39,0.0
1441,8,6,2025-08-16,App,1,787.09,0.1
1442,39,29,2025-01-02,Loja,2,504.54,0.15
1443,61,15,2025-03-07,Loja,3,128.66,0.0
1444,50,1,2025-09-24,App,3,60.7,0.05
1445,48,1,2026-03-29,Web,4,60.7,0.05
1446,61,32,2026-06-23,Web,3,491.04,0.1
1447,81,24,2025-10-21,App,4,39.75,0.15
1448,96,9,2026-03-29,Loja,2,42.07,0.0
1449,21,32,2026-05-12,Web,1,491.04,0.0
1450,92,15,2026-05-24,Loja,2,128.66,0.05
1451,95,31,2025-07-03,Web,4,177.26,0.1
1452,97,30,2026-07-17,Web,3,163.48,0.05
1453,8,5,2025-08-20,Loja,2,523.44,0.0
1454,46,13,2026-01-03,Web,3,397.88,0.05
1455,54,30,2025-04-06,Loja,1,163.48,0.05
1456,19,38,2025-10-18,Web,2,601.73,0.1
1457,68,4,2026-03-11,Loja,1,327.73,0.05
1458,55,15,2026-02-01,App,3,128.66,0.05
1459,100,24,2025-10-11,App,2,39.75,0.0
1460,86,17,2026-07-28,App,3,764.1,0.0
1461,57,1,2025-12-19,Web,2,60.7,0.0
1462,6,12,2025-12-27,App,4,489.06,0.0
1463,42,3,2025-06-20,Web,2,347.25,0.1
1464,68,34,2025-08-31,App,3,322.37,0.1
1465,24,16,2026-02-04,App,3,318.25,0.0
1466,94,18,2025-07-10,Loja,4,226.25,0.1
1467,71,25,2026-02-04,App,2,633.19,0.0
1468,36,10,2025-03-06,App,2,721.56,0.05
1469,91,38,2025-07-23,Web,3,601.73,0.05
1470,84,40,2025-09-30,App,2,586.39,0.05
1471,26,27,2025-08-08,Loja,3,118.69,0.15
1472,23,32,2025-11-15,App,4,491.04,0.05
1473,89,29,2025-05-23,App,3,504.54,0.15
1474,85,19,2025-11-26,App,3,522.21,0.0
1475,33,25,2025-05-21,App,2,633.19,0.05
1476,63,26,2026-06-22,Web,2,696.52,0.1
1477,49,20,2026-05-07,Loja,2,220.61,0.1
1478,73,8,2025-09-04,App,1,767.92,0.15
1479,95,40,2025-02-06,App,2,586.39,0.1
1480,74,37,2026-08-28,Loja,4,217.27,0.05
1481,80,18,2026-02-09,Loja,4,226.25,0.15
1482,89,23,2025-10-04,App,4,329.63,0.0
1483,86,17,2026-07-18,Loja,1,764.1,0.0
1484,47,33,2026-05-11,Loja,2,636.77,0.1
1485,43,29,2025-05-27,Loja,4,504.54,0.0
1486,83,31,2025-03-05,Loja,3,177.26,0.05
1487,87,30,2025-11-23,App,1,163.48,0.15
1488,21,9,2026-01-31,Loja,2,42.07,0.1
1489,5,15,2025-12-21,Loja,2,128.66,0.1
1490,61,17,2026-07-19,Web,1,764.1,0.05
1491,78,6,2025-02-06,Web,4,787.09,0.0
1492,57,13,2026-09-02,App,3,397.88,0.0
1493,11,34,2026-08-05,Web,4,322.37,0.05
1494,86,1,2025-08-25,App,4,60.7,0.05
1495,78,40,2026-04-26,Web,4,586.39,0.0
1496,18,2,2026-05-13,Loja,4,533.57,0.0
1497,54,39,2025-07-17,Web,1,323.32,0.1
1498,48,35,2026-06-09,Web,1,330.39,0.0
1499,97,13,2025-05-01,Loja,2,397.88,0.05
1500,18,7,2026-04-05,Web,3,58.53,0.0
1501,38,38,2025-07-17,Loja,2,601.73,0.1
1502,31,23,2025-01-04,Loja,1,329.63,0.0
1503,2,25,2026-06-07,App,3,633.19,0.0
1504,95,28,2025-06-15,Loja,4,329.1,0.15
1505,31,26,2025-05-23,Loja,4,696.52,0.05
1506,67,4,2026-03-09,Loja,3,327.73,0.05
1507,9,35,2025-09-01,Web,1,330.39,0.0
1508,61,40,2025-02-10,Web,2,586.39,0.05
1509,29,4,2026-04-05,App,3,327.73,0.0
1510,89,10,2025-05-18,Loja,1,721.56,0.15
1511,88,3,2025-05-22,Web,3,347.25,0.05
1512,83,36,2026-06-13,Loja,1,686.46,0.0
1513,93,13,2026-07-28,Loja,1,397.88,0.05
1514,26,9,2025-08-08,App,2,42.07,0.05
1515,53,27,2026-07-14,Web,4,118.69,0.0
1516,60,35,2025-10-04,Loja,2,330.39,0.0
1517,50,1,2026-08-21,Loja,2,60.7,0.05
1518,18,18,2025-04-28,App,1,226.25,0.0
1519,77,32,2026-06-13,App,3,491.04,0.1
1520,11,4,2025-09-01,App,4,327.73,0.0
1521,78,39,2025-05-27,Web,3,323.32,0.15
1522,13,20,2025-04-04,Loja,3,220.61,0.0
1523,29,26,2026-06-27,Web,3,696.52,0.05
1524,62,14,2025-05-03,Web,2,260.22,0.05
1525,23,8,2025-03-08,Web,3,767.92,0.0
1526,55,22,2025-01-29,App,3,124.16,0.1
1527,1,2,2025-04-17,Loja,4,533.57,0.0
1528,63,19,2026-06-04,App,3,522.21,0.15
1529,8,18,2026-04-28,App,1,226.25,0.15
1530,37,2,2025-09-11,Web,3,533.57,0.0
1531,78,40,2025-03-10,Loja,2,586.39,0.1
1532,50,8,2025-09-04,Web,4,767.92,0.1
1533,57,21,2025-08-10,Loja,2,606.28,0.0
1534,39,24,2025-10-24,Web,3,39.75,0.05
1535,88,26,2025-01-20,Web,4,696.52,0.0
1536,17,31,2026-08-08,Web,2,177.26,0.0
1537,18,7,2025-03-31,Loja,4,58.53,0.0
1538,23,26,2025-06-04,Web,2,696.52,0.05
1539,27,34,2025-10-09,Web,2,322.37,0.0
1540,53,11,2026-06-12,Loja,1,640.27,0.0
1541,6,19,2026-06-14,Web,2,522.21,0.15
1542,39,30,2026-01-25,Loja,4,163.48,0.05
1543,7,8,2025-02-27,App,2,767.92,0.05
1544,74,22,2025-02-28,Loja,2,124.16,0.0
1545,16,33,2025-09-25,Web,4,636.77,0.05
1546,56,6,2026-03-02,Loja,2,787.09,0.0
1547,17,21,2026-02-04,Loja,1,606.28,0.0
1548,9,35,2025-02-10,Loja,4,330.39,0.15
1549,20,9,2026-05-11,Web,1,42.07,0.05
1550,38,2,2026-04-08,App,4,533.57,0.15
1551,6,3,2026-05-04,Loja,2,347.25,0.15
1552,46,37,2025-07-17,Loja,4,217.27,0.15
1553,67,13,2025-12-11,Loja,1,397.88,0.05
1554,10,33,2026-08-30,Loja,1,636.77,0.05
1555,40,14,2025-02-25,Web,4,260.22,0.15
1556,2,17,2025-12-02,App,2,764.1,0.1
1557,94,31,2025-04-17,Web,3,177.26,0.0
1558,70,7,2025-05-08,App,1,58.53,0.0
1559,20,24,2025-06-25,Loja,4,39.75,0.05
1560,31,18,2026-05-31,App,4,226.25,0.0
1561,58,24,2025-03-16,App,1,39.75,0.0
1562,60,14,2026-04-21,App,2,260.22,0.05
1563,18,31,2026-09-03,App,3,177.26,0.1
1564,7,40,2026-07-04,App,1,586.39,0.1
1565,25,33,2026-01-01,Loja,1,636.77,0.1
1566,95,24,2025-12-26,App,4,39.75,0.1
1567,33,22,2025-02-23,Web,3,124.16,0.1
1568,87,17,2025-02-06,Web,1,764.1,0.1
1569,86,27,2025-05-04,App,2,118.69,0.1
1570,1,3,2026-05-24,App,4,347.25,0.0
1571,89,27,2025-07-16,Web,4,118.69,0.15
1572,62,32,2025-04-03,App,4,491.04,0.1
1573,47,10,2026-04-03,App,1,721.56,0.15
1574,3,31,2026-06-15,Web,3,177.26,0.0
1575,85,21,2025-06-17,App,1,606.28,0.0
1576,59,29,2025-11-22,App,2,504.54,0.1
1577,84,39,2026-05-13,Loja,1,323.32,0.05
1578,48,38,2026-03-11,Web,3,601.73,0.15
1579,82,10,2025-12-14,App,4,721.56,0.05
1580,80,3,2026-02-19,Web,4,347.25,0.1
1581,16,31,2026-07-03,Loja,2,177.26,0.05
1582,40,37,2025-09-09,Web,2,217.27,0.05
1583,44,37,2025-12-22,Loja,2,217.27,0.05
1584,25,1,2026-07-10,Loja,2,60.7,0.1
1585,69,38,2026-03-04,App,2,601.73,0.15
1586,5,22,2026-03-27,Web,3,124.16,0.1
1587,12,15,2026-02-19,Web,2,128.66,0.05
1588,1,30,2025-05-28,App,1,163.48,0.0
1589,72,20,2025-05-08,App,3,220.61,0.05
1590,75,24,2026-08-07,Loja,3,39.75,0.1
1591,1,24,2025-12-26,Web,3,39.75,0.05
1592,34,27,2025-12-10,App,1,118.69,0.05
1593,97,39,2025-08-23,Loja,3,323.32,0.0
1594,68,16,2026-03-14,Loja,1,318.25,0.1
1595,41,1,2026-03-19,Loja,2,60.7,0.0
1596,74,22,2025-06-25,Web,3,124.16,0.1
1597,60,7,2025-04-19,Web,1,58.53,0.0
1598,18,26,2026-04-07,Loja,2,696.52,0.0
1599,39,11,2026-02-23,App,4,640.27,0.15
1600,57,20,2026-05-13,App,2,220.61,0.0
1601,22,40,2025-05-07,App,4,586.39,0.0
1602,38,12,2025-01-30,Web,2,489.06,0.15
1603,53,34,2025-11-27,Web,2,322.37,0.0
1604,91,22,2026-01-26,Loja,2,124.16,0.0
1605,39,16,2026-08-11,Loja,1,318.25,0.15
1606,38,9,2025-07-18,Web,1,42.07,0.05
1607,14,31,2026-05-15,App,4,177.26,0.05
1608,86,10,2025-09-06,Web,3,721.56,0.0
1609,39,3,2026-05-28,Web,2,347.25,0.05
1610,5,9,2025-01-11,App,1,42.07,0.0
1611,41,10,2025-08-31,Loja,2,721.56,0.15
1612,38,28,2025-03-03,Web,2,329.1,0.05
1613,79,31,2025-09-25,App,4,177.26,0.0
1614,44,11,2025-04-23,Web,3,640.27,0.0
1615,73,36,2025-11-14,App,2,686.46,0.1
1616,85,37,2026-02-04,Loja,1,217.27,0.15
1617,47,11,2025-02-17,Loja,2,640.27,0.15
1618,2,26,2025-09-24,App,4,696.52,0.15
1619,64,3,2026-04-21,Web,2,347.25,0.0
1620,43,17,2025-03-03,Web,4,764.1,0.05
1621,47,11,2025-10-16,Web,2,640.27,0.0
1622,46,33,2026-07-25,Web,3,636.77,0.1
1623,19,12,2025-07-21,Web,3,489.06,0.05
1624,26,16,2025-05-09,Loja,3,318.25,0.15
1625,8,16,2025-05-02,App,1,318.25,0.05
1626,92,38,2026-04-25,Web,2,601.73,0.0
1627,30,34,2025-09-05,Web,2,322.37,0.15
1628,61,19,2025-09-23,Loja,2,522.21,0.0
1629,52,19,2025-09-15,Loja,2,522.21,0.0
1630,62,20,2025-04-29,Web,3,220.61,0.0
1631,40,3,2025-11-08,App,3,347.25,0.0
1632,23,35,2025-05-13,Loja,1,330.39,0.1
1633,72,32,2025-07-25,App,1,491.04,0.0
1634,26,13,2026-05-18,Loja,4,397.88,0.0
1635,10,39,2026-04-26,Loja,2,323.32,0.1
1636,92,34,2025-04-15,App,1,322.37,0.05
1637,24,4,2025-07-19,App,4,327.73,0.1
1638,84,17,2025-03-17,Web,1,764.1,0.05
1639,79,11,2025-10-21,App,1,640.27,0.0
1640,24,32,2025-07-18,App,4,491.04,0.05
1641,75,2,2025-12-11,App,1,533.57,0.0
1642,7,39,2025-09-29,Web,1,323.32,0.0
1643,50,22,2025-04-27,Loja,1,124.16,0.05
1644,71,21,2026-01-13,App,1,606.28,0.0
1645,90,38,2026-04-25,App,1,601.73,0.15
1646,21,21,2026-08-11,Web,4,606.28,0.1
1647,46,35,2025-02-02,Loja,4,330.39,0.0
1648,96,3,2026-01-31,Web,3,347.25,0.0
1649,64,2,2025-12-09,App,2,533.57,0.0
1650,60,40,2025-12-07,Web,2,586.39,0.0
1651,50,40,2025-02-02,Web,2,586.39,0.0
1652,46,34,2026-08-17,App,3,322.37,0.15
1653,21,10,2026-08-27,App,4,721.56,0.05
1654,23,26,2026-05-18,Web,3,696.52,0.15
1655,78,4,2025-07-11,Web,3,327.73,0.0
1656,74,2,2026-04-03,Web,3,533.57,0.0
1657,83,18,2026-06-07,Web,4,226.25,0.15
1658,84,13,2025-06-05,Web,2,397.88,0.0
1659,49,14,2025-03-06,Web,1,260.22,0.0
1660,88,30,2025-02-24,Loja,3,163.48,0.15
1661,72,38,2026-03-19,App,1,601.73,0.0
1662,98,37,2025-08-11,Loja,4,217.27,0.15
1663,28,24,2026-04-28,App,4,39.75,0.1
1664,64,10,2026-04-04,App,1,721.56,0.05
1665,70,24,2025-02-14,App,2,39.75,0.05
1666,4,19,2025-12-23,App,3,522.21,0.0
1667,3,35,2025-01-12,Loja,4,330.39,0.1
1668,28,40,2026-08-03,App,2,586.39,0.1
1669,56,29,2026-01-25,Loja,4,504.54,0.0
1670,22,40,2026-01-24,App,2,586.39,0.0
1671,84,17,2026-02-28,Web,3,764.1,0.0
1672,93,4,2025-02-09,Web,1,327.73,0.1
1673,64,37,2026-02-05,Loja,2,217.27,0.1
1674,83,19,2025-04-04,App,4,522.21,0.1
1675,31,13,2025-02-12,Loja,4,397.88,0.05
1676,1,18,2025-10-05,App,1,226.25,0.1
1677,64,36,2025-02-08,Loja,3,686.46,0.15
1678,38,1,2026-04-28,Loja,2,60.7,0.15
1679,47,7,2025-01-22,App,1,58.53,0.0
1680,7,9,2026-07-24,Web,3,42.07,0.15
1681,13,30,2025-01-31,Web,4,163.48,0.05
1682,57,21,2025-12-30,Web,2,606.28,0.0
1683,38,16,2026-06-18,App,4,318.25,0.15
1684,11,9,2026-03-22,App,3,42.07,0.15
1685,10,26,2025-11-08,Web,3,696.52,0.05
1686,81,3,2026-03-12,Web,4,347.25,0.1
1687,23,3,2025-01-08,App,1,347.25,0.15
1688,93,22,2026-01-08,App,4,124.16,0.0
1689,76,7,2025-05-22,App,2,58.53,0.1
1690,47,8,2026-07-26,Web,1,767.92,0.0
1691,48,23,2025-10-21,Web,4,329.63,0.0
1692,22,29,2025-09-02,Web,1,504.54,0.0
1693,35,19,2026-08-10,App,1,522.21,0.0
1694,48,18,2026-04-06,Loja,4,226.25,0.05
1695,92,38,2026-04-02,Web,3,601.73,0.05
1696,3,19,2026-06-11,Loja,1,522.21,0.0
1697,49,14,2025-11-30,Web,4,260.22,0.0
1698,43,37,2025-08-15,App,3,217.27,0.0
1699,31,38,2025-10-21,Loja,4,601.73,0.05
1700,89,40,2026-02-23,App,2,586.39,0.1
1701,46,11,2025-06-01,App,3,640.27,0.0
1702,72,31,2025-06-22,Web,4,177.26,0.0
1703,50,17,2026-03-10,App,2,764.1,0.1
1704,28,10,2025-06-29,App,1,721.56,0.1
1705,35,5,2026-07-17,App,1,523.44,0.0
1706,98,15,2026-07-25,Loja,4,128.66,0.0
1707,78,15,2025-07-19,Loja,1,128.66,0.05
1708,91,15,2025-06-09,Loja,1,128.66,0.15
1709,97,22,2025-11-25,Loja,1,124.16,0.1
1710,96,19,2026-06-26,Web,1,522.21,0.0
1711,82,36,2025-05-24,App,4,686.46,0.0
1712,72,26,2025-06-27,Web,4,696.52,0.05
1713,54,27,2025-05-25,Web,2,118.69,0.05
1714,73,39,2025-09-09,Web,4,323.32,0.1
1715,76,31,2025-11-27,App,4,177.26,0.1
1716,71,18,2025-03-22,Loja,3,226.25,0.0
1717,99,12,2025-03-31,App,3,489.06,0.05
1718,14,14,2026-08-04,Web,4,260.22,0.1
1719,74,25,2026-08-19,Web,1,633.19,0.05
1720,91,1,2025-09-24,App,1,60.7,0.05
1721,17,14,2026-02-28,App,4,260.22,0.0
1722,12,26,2025-10-29,Loja,1,696.52,0.1
1723,35,24,2026-04-12,App,1,39.75,0.15
1724,89,26,2025-08-07,Loja,1,696.52,0.05
1725,69,37,2025-02-11,App,4,217.27,0.05
1726,56,35,2025-05-22,Loja,2,330.39,0.0
1727,44,38,2025-04-20,Web,1,601.73,0.05
1728,46,3,2026-02-08,Web,4,347.25,0.15
1729,77,15,2025-03-07,Web,4,128.66,0.1
1730,57,22,2026-05-15,Loja,1,124.16,0.05
1731,98,40,2026-04-21,App,1,586.39,0.05
1732,23,9,2025-09-01,Web,2,42.07,0.15
1733,38,28,2026-09-03,Web,1,329.1,0.15
1734,2,18,2025-05-12,App,3,226.25,0.05
1735,4,7,2025-03-20,Web,1,58.53,0.1
1736,21,31,2026-02-06,App,2,177.26,0.15
1737,99,15,2025-02-10,Loja,4,128.66,0.05
1738,92,29,2026-05-09,Loja,2,504.54,0.15
1739,18,27,2025-10-16,App,4,118.69,0.1
1740,79,15,2026-03-22,App,2,128.66,0.1
1741,68,11,2025-08-27,App,4,640.27,0.0
1742,14,11,2026-04-13,App,2,640.27,0.05
1743,62,34,2026-02-13,Web,3,322.37,0.05
1744,7,22,2026-03-21,Loja,3,124.16,0.0
1745,50,22,2025-04-17,App,3,124.16,0.0
1746,61,36,2025-05-08,Loja,2,686.46,0.1
1747,44,10,2026-06-21,Web,2,721.56,0.1
1748,72,17,2025-09-05,App,3,764.1,0.1
1749,77,31,2025-03-27,Loja,3,177.26,0.05
1750,74,8,2025-08-02,Web,3,767.92,0.1
1751,74,36,2026-04-07,App,4,686.46,0.1
1752,37,30,2026-04-18,Loja,2,163.48,0.0
1753,48,13,2025-06-30,Web,3,397.88,0.15
1754,10,29,2025-12-16,App,2,504.54,0.0
1755,9,27,2026-07-18,App,2,118.69,0.15
1756,100,31,2025-05-01,App,3,177.26,0.15
1757,78,40,2025-07-16,App,4,586.39,0.0
1758,20,38,2025-11-28,App,2,601.73,0.15
1759,23,22,2026-02-11,App,4,124.16,0.0
1760,74,30,2025-09-18,App,2,163.48,0.1
1761,47,9,2026-06-25,Loja,2,42.07,0.0
1762,16,30,2025-04-19,Loja,3,163.48,0.15
1763,98,29,2026-08-25,App,1,504.54,0.0
1764,76,31,2025-03-26,Web,1,177.26,0.1
1765,17,10,2025-10-27,App,4,721.56,0.0
1766,30,13,2026-06-05,Loja,2,397.88,0.0
1767,32,18,2025-10-27,App,3,226.25,0.1
1768,95,26,2026-04-04,Loja,2,696.52,0.0
1769,75,5,2025-05-23,Loja,1,523.44,0.0
1770,63,40,2026-01-15,Loja,3,586.39,0.0
1771,33,19,2025-01-10,Loja,3,522.21,0.0
1772,6,33,2026-04-28,Loja,4,636.77,0.05
1773,87,25,2025-01-02,App,1,633.19,0.15
1774,89,7,2025-05-11,Web,1,58.53,0.0
1775,48,39,2025-12-14,Web,3,323.32,0.05
1776,86,40,2025-08-04,Loja,4,586.39,0.0
1777,27,27,2026-04-09,Loja,3,118.69,0.15
1778,1,18,2025-07-09,Web,2,226.25,0.0
1779,41,13,2025-03-16,Web,4,397.88,0.1
1780,31,11,2025-10-25,App,4,640.27,0.0
1781,10,20,2026-01-09,App,1,220.61,0.05
1782,19,10,2026-08-19,Web,4,721.56,0.0
1783,40,28,2026-07-26,Loja,3,329.1,0.0
1784,78,1,2026-09-03,App,1,60.7,0.1
1785,25,2,2026-05-03,Web,2,533.57,0.15
1786,68,14,2025-06-23,Loja,4,260.22,0.15
1787,88,37,2025-02-15,Loja,1,217.27,0.1
1788,48,23,2025-05-06,Loja,3,329.63,0.05
1789,63,26,2026-08-23,Web,3,696.52,0.1
1790,31,38,2025-02-18,Web,2,601.73,0.1
1791,18,3,2025-10-11,Loja,3,347.25,0.05
1792,70,2,2026-08-02,Web,4,533.57,0.1
1793,34,9,2026-02-24,Loja,3,42.07,0.1
1794,43,7,2025-12-13,Loja,3,58.53,0.05
1795,23,25,2026-07-28,App,4,633.19,0.0
1796,36,19,2026-02-27,App,3,522.21,0.1
1797,67,14,2025-08-19,Loja,3,260.22,0.05
1798,60,8,2026-01-26,App,4,767.92,0.1
1799,6,16,2026-08-30,App,4,318.25,0.0
1800,98,8,2026-05-10,App,1,767.92,0.05
